id,name,sort_name,email,twitter,facebook,group,group_id,area_id,area,chamber,term,start_date,end_date,image,gender
e8d59d29-1f7f-485b-9edf-5365eab36886,Aaron Gilmore,Aaron Gilmore,,,,New Zealand National Party,new_zealand_national_party,area/list,List,New Zealand Parliament,50,,,,male
f4e45a81-7d26-4b3a-bb94-889773dfed42,Alfred Ngaro,"Ngaro, Alfred",alfred.ngaro@parliament.govt.nz,AlfredNgaroMP,alfred.ngaro,New Zealand National Party,new_zealand_national_party,area/list,List,New Zealand Parliament,50,,,https://www.parliament.nz/media/1354/ngaro-alfred.DEopzw.jpg,male
75d0a6ed-3126-4deb-9521-711b97cc9127,Andrew Little,"Little, Andrew",andrew.little@parliament.govt.nz,AndrewLittleMP,AndrewLittleLabour,New Zealand Labour Party,new_zealand_labour_party,area/list,List,New Zealand Parliament,50,,,https://www.parliament.nz/media/1340/little-andrew.C1kn0g.jpg,male
9a1932dc-12f4-4365-9077-84159c5b0954,Andrew Williams,Andrew Williams,,,,New Zealand First,new_zealand_first,area/list,List,New Zealand Parliament,50,,,"https://upload.wikimedia.org/wikipedia/commons/4/4d/Andrew_Williams,_2011.jpg",male
a3406df1-1e71-4161-b739-2d52e7935680,Asenati Taylor,Asenati Taylor,,,,New Zealand First,new_zealand_first,area/list,List,New Zealand Parliament,50,,,,female
b6cbfeda-17fc-4aa8-aec5-a7c4a08eae74,Barbara Stewart,"Stewart, Barbara",barbara.stewart@parliament.govt.nz,,barbarastewartmp,New Zealand First,new_zealand_first,area/list,List,New Zealand Parliament,50,,,https://www.parliament.nz/media/1382/stewart-barbara.C24bTA.jpg,female
c9b26803-c149-41d1-9982-f0235b570b2c,Brendan Horan,Brendan Horan,,,,New Zealand First,new_zealand_first,area/list,List,New Zealand Parliament,50,,,,male
c9b26803-c149-41d1-9982-f0235b570b2c,Brendan Horan,Brendan Horan,,,,NZ Independent Coalition,nz_independent_coalition,area/list,List,New Zealand Parliament,50,,,,male
cf0e1499-1dcb-431b-917f-266e6ef8e880,Cam Calder,Cam Calder,,,,New Zealand National Party,new_zealand_national_party,area/list,List,New Zealand Parliament,50,,,,male
615f261f-43ab-4483-aff9-6971105b2705,Carol Beaumont,Carol Beaumont,,,,New Zealand Labour Party,new_zealand_labour_party,area/list,List,New Zealand Parliament,50,,,https://upload.wikimedia.org/wikipedia/commons/0/05/Carol_Beaumont_2011b.jpg,female
1114c8de-565d-4228-891d-ff5d55f9cdc7,Catherine Delahunty,"Delahunty, Catherine",catherine.delahunty@parliament.govt.nz,greencatherine,catherine.delahunty,Green Party of Aotearoa New Zealand,green_party_of_aotearoa_new_zealand,area/list,List,New Zealand Parliament,50,,,https://www.parliament.nz/media/1283/delahunty-catherine5.C1fwxA.jpg,female
635a72a6-684d-4782-8d31-5f330df67b5f,Charles Chauvel,Charles Chauvel,,charleschauvel,,New Zealand Labour Party,new_zealand_labour_party,area/list,List,New Zealand Parliament,50,,,https://upload.wikimedia.org/wikipedia/commons/1/13/Charles_Chauvel.jpg,male
94085681-d2c9-4d0a-b0f4-f6e36dcd0b38,Chris Auchinvole,"Auchinvole, Chris",,,,New Zealand National Party,new_zealand_national_party,area/list,List,New Zealand Parliament,50,,,,male
a48e5df6-afc1-4909-ae52-e8a91deac1d4,Chris Hipkins,"Hipkins, Chris",chris.hipkins@parliament.govt.nz,chrishipkins,chrishipkinsmp,New Zealand Labour Party,new_zealand_labour_party,area/rimutaka,Rimutaka,New Zealand Parliament,50,,,https://www.parliament.nz/media/1304/hipkins-chris5.C1fwxg.jpg,male
af8f4127-eb11-4a2d-a3ea-11ddc7946627,Chris Tremain,"Tremain, Chris",,,,New Zealand National Party,new_zealand_national_party,area/napier,Napier,New Zealand Parliament,50,,,https://upload.wikimedia.org/wikipedia/commons/6/6e/Chris_Tremain.jpg,male
b1e964e8-6698-4a48-bc87-45fc6e70fb90,Clare Curran,"Curran, Clare",clare.curran@parliament.govt.nz,ClareCurranMP,ClareCurranForDunedinSouth,New Zealand Labour Party,new_zealand_labour_party,area/dunedin_south,Dunedin South,New Zealand Parliament,50,,,https://www.parliament.nz/media/1279/curran-clare.C24gww.jpg,female
b7697736-4e93-4b96-8dc6-80f3a590ad45,Claudette Hauiti,Claudette Hauiti,,,,New Zealand National Party,new_zealand_national_party,area/list,List,New Zealand Parliament,50,,,,female
c3abd48d-0ff0-4ddf-bda5-33f587e8a3be,Colin King,"King, Colin",,,,New Zealand National Party,new_zealand_national_party,area/kaikōura,Kaikōura,New Zealand Parliament,50,,,,male
2ddb2bf8-bb18-4c83-9b69-afd82c8aa2f8,Darien Fenton,"Fenton, Darien",,darienfenton,darien.fenton,New Zealand Labour Party,new_zealand_labour_party,area/list,List,New Zealand Parliament,50,,,https://upload.wikimedia.org/wikipedia/commons/5/52/Darien_Fenton.jpg,female
bae4562e-df1c-40d7-8fff-77a253d0be08,David Bennett,"Bennett, David",david.bennett@parliament.govt.nz,davidbennettmp,david.bennettmp,New Zealand National Party,new_zealand_national_party,area/hamilton_east,Hamilton East,New Zealand Parliament,50,,,https://www.parliament.nz/media/1262/bennett-david3.C1fwww.jpg,male
dd36e2f3-320d-4acc-b4ea-0b0f29af8a46,David Clendon,"Clendon, David",david.clendon@parliament.govt.nz,davidclendon,david.clendon,Green Party of Aotearoa New Zealand,green_party_of_aotearoa_new_zealand,area/list,List,New Zealand Parliament,50,,,https://www.parliament.nz/media/2059/clendon-david.C24Xiw.jpg,male
99f95fcc-5ca0-4f9a-b00b-5bedf41f312c,David Shearer,"Shearer, David",david.shearer@parliament.govt.nz,DavidShearerMP,davidshearernz,New Zealand Labour Party,new_zealand_labour_party,area/mount_albert,Mount Albert,New Zealand Parliament,50,,,https://www.parliament.nz/media/1381/shearer-david.C1kn1w.jpg,male
fbecf91b-6074-4f3a-a250-ed2c0911b58b,Denis O’Rourke,"O'Rourke, Denis",denis.orourke@parliament.govt.nz,,,New Zealand First,new_zealand_first,area/list,List,New Zealand Parliament,50,,,https://www.parliament.nz/media/1359/orourke-denis.C1kn1Q.jpg,male
4553f3ab-81f7-4289-a706-172f1df982b4,Denise Roche,"Roche, Denise",denise.roche@parliament.govt.nz,DeniseRocheMP,DeniseRocheMP,Green Party of Aotearoa New Zealand,green_party_of_aotearoa_new_zealand,area/list,List,New Zealand Parliament,50,,,https://www.parliament.nz/media/1368/roche-denise.C1kn1g.jpg,female
bb38b196-aedb-4487-911d-faa6906efb03,Dr David Clark,"Clark, David",david.clark@parliament.govt.nz,DavidClarkNZ,DavidClarkMP,New Zealand Labour Party,new_zealand_labour_party,area/dunedin_north,Dunedin North,New Zealand Parliament,50,,,https://www.parliament.nz/media/1272/clark-david3.C1fwxA.jpg,male
682d9e24-fe31-41f4-847c-5dba55d79f33,Dr Jian Yang,"Yang, Jian",jian.yang@parliament.govt.nz,,JianYangMP,New Zealand National Party,new_zealand_national_party,area/list,List,New Zealand Parliament,50,,,https://www.parliament.nz/media/1399/yang-jian2.C1kn2g.jpg,male
ca9c2097-6b9e-4e6d-be7b-b343d021fbd9,Dr Kennedy Graham,"Graham, Kennedy",kennedy.graham@parliament.govt.nz,KennedyGraham,kennedygrahammp,Green Party of Aotearoa New Zealand,green_party_of_aotearoa_new_zealand,area/list,List,New Zealand Parliament,50,,,https://www.parliament.nz/media/1299/graham-kennedy5.C1fwxQ.jpg,male
7e0f9041-c537-4c55-9ce6-6d29d5534b38,Dr Megan Woods,"Woods, Megan",Megan.Woods@parliament.govt.nz,Megan_Woods,megancwoods,New Zealand Labour Party,new_zealand_labour_party,area/wigram,Wigram,New Zealand Parliament,50,,,https://www.parliament.nz/media/1397/woods-megan2.C1kn2g.jpg,female
2c53b736-5d28-466a-ae09-6bbca366b843,Eric Roy,"Roy, Eric",,,,New Zealand National Party,new_zealand_national_party,area/invercargill,Invercargill,New Zealand Parliament,50,,,,male
45d09114-a074-4109-b983-91c0bab9f6ad,Eugenie Sage,"Sage, Eugenie",eugenie.sage@parliament.govt.nz,EugenieSage,Eugenie-Sage-MP,Green Party of Aotearoa New Zealand,green_party_of_aotearoa_new_zealand,area/list,List,New Zealand Parliament,50,,,https://www.parliament.nz/media/1370/sage-eugenie.C1kn1g.jpg,female
0c179e0d-ebec-4d5d-b39d-5835600c5a68,Gareth Hughes,"Hughes, Gareth",gareth.hughes@parliament.govt.nz,GarethMP,garethhughesmp,Green Party of Aotearoa New Zealand,green_party_of_aotearoa_new_zealand,area/list,List,New Zealand Parliament,50,,,https://www.parliament.nz/media/1307/hughes-gareth.C24YEg.jpg,male
0a355796-1593-4168-adf2-f09b5ef2be75,Grant Robertson,"Robertson, Grant",grant.robertson@parliament.govt.nz,grantrobertson1,GrantRobertsonLabour,New Zealand Labour Party,new_zealand_labour_party,area/wellington_central,Wellington Central,New Zealand Parliament,50,,,https://www.parliament.nz/media/1367/robertson-grant.C1kn1g.jpg,male
c61a6253-7943-417c-b2ce-bd684bb154e5,Holly Walker,Holly Walker,,hollyrwalker,hollywalker82,Green Party of Aotearoa New Zealand,green_party_of_aotearoa_new_zealand,area/list,List,New Zealand Parliament,50,,,https://upload.wikimedia.org/wikipedia/commons/1/14/Holly_Walker.jpg,female
ae289677-1951-41d8-bf59-122d34011b27,Hon Amy Adams,"Adams, Amy",amy.adams@parliament.govt.nz,amyadamsMP,MPAmyAdams,New Zealand National Party,new_zealand_national_party,area/selwyn,Selwyn,New Zealand Parliament,50,,,https://www.parliament.nz/media/2061/adams-amy.C2zLkg.jpg,female
ebd6bf2a-4ea1-4bd5-a1fd-b64692267d85,Hon Anne Tolley,"Tolley, Anne",anne.tolley@parliament.govt.nz,AnneTolleyMP,honannetolley,New Zealand National Party,new_zealand_national_party,area/east_coast,East Coast,New Zealand Parliament,50,,,https://www.parliament.nz/media/1400/tolley-anne.C24btw.jpg,female
4a629361-b148-439f-b874-af88c9ff8c8c,Hon Annette King,"King, Annette",annette.king@parliament.govt.nz,annetterongotai,annette.king.of.rongotai,New Zealand Labour Party,new_zealand_labour_party,area/rongotai,Rongotai,New Zealand Parliament,50,,,https://www.parliament.nz/media/1332/king-annette.C25U8g.jpg,female
6a93d08c-85ee-43f0-9226-d516257a348b,Hon Bill English,"English, Bill",bill.english@Parliament.govt.nz,honbillenglish,honbillenglish,New Zealand National Party,new_zealand_national_party,area/clutha-southland,Clutha-Southland,New Zealand Parliament,50,,,https://www.parliament.nz/media/1286/english-bill5.C1fwxA.jpg,male
04c5b13a-a2d0-4737-aa7d-0d51140d7274,Hon Chester Borrows,"Borrows, Chester",chester.borrows@parliament.govt.nz,ChesterBorrows,chesterborrows,New Zealand National Party,new_zealand_national_party,area/whanganui,Whanganui,New Zealand Parliament,50,,,https://www.parliament.nz/media/1269/borrows-chester3.C1fwww.jpg,male
8229de1c-2dd0-4b28-9792-fa4eb980db63,Hon Christopher Finlayson,"Finlayson, Christopher",christopher.finlayson@parliament.govt.nz,chrisfinlayson,CFFinlayson,New Zealand National Party,new_zealand_national_party,area/list,List,New Zealand Parliament,50,,,https://www.parliament.nz/media/1288/finlayson-chris5.C1fwxQ.jpg,male
a7476f0e-e9fc-4dca-9630-aa0dda2dda17,Hon Clayton Cosgrove,"Cosgrove, Clayton",clayton.cosgrove@parliament.govt.nz,,claytoncosgrovemp,New Zealand Labour Party,new_zealand_labour_party,area/list,List,New Zealand Parliament,50,,,https://www.parliament.nz/media/1277/cosgrove-clayton3.C1fwxA.jpg,male
b18b9cd2-dcdb-45b0-8d0c-380c5a0b46ea,Hon Craig Foss,"Foss, Craig",craig.foss@parliament.govt.nz,CraigFossMP,craig.foss,New Zealand National Party,new_zealand_national_party,area/tukituki,Tukituki,New Zealand Parliament,50,,,https://www.parliament.nz/media/1291/foss-craig5.C1fwxQ.jpg,male
c60b57e7-cc3b-48e5-a49e-a7580dacdeb0,Hon Damien O’Connor,"O'Connor, Damien",damien.oconnor@parliament.govt.nz,DamienOConnorMP,damienoconnormp,New Zealand Labour Party,new_zealand_labour_party,area/west_coast-tasman,West Coast-Tasman,New Zealand Parliament,50,,,https://www.parliament.nz/media/1358/oconnor-damien.C1kn1Q.jpg,male
1974bf1c-1787-4ee2-9b18-b2206a8ab39a,Hon David Cunliffe,"Cunliffe, David",david.cunliffe@parliament.govt.nz,DavidCunliffeMP,david.cunliffe.labour,New Zealand Labour Party,new_zealand_labour_party,area/new_lynn,New Lynn,New Zealand Parliament,50,,,https://www.parliament.nz/media/1278/cunliffe-david3.C1fwxA.jpg,male
85e77499-fe43-47a3-9611-d24154f410a7,Hon David Parker,"Parker, David",david.parker@parliament.govt.nz,DavidParkerMP,,New Zealand Labour Party,new_zealand_labour_party,area/list,List,New Zealand Parliament,50,,,https://www.parliament.nz/media/1362/parker-david.C1kn1Q.jpg,male
eb140527-65ee-4c6b-96b2-4e732b31a8bf,Hon Dr Jonathan Coleman,"Coleman, Jonathan",jonathan.coleman@parliament.govt.nz,jcolemanmp,jonathan.coleman.56,New Zealand National Party,new_zealand_national_party,area/northcote,Northcote,New Zealand Parliament,50,,,https://www.parliament.nz/media/1275/coleman-jonathan3.C1fwxA.jpg,male
2fd16480-aa16-4055-bcad-66bfaae6f18b,Hon Dr Nick Smith,"Smith, Nick",nick.smith@parliament.govt.nz,,nicksmithmp,New Zealand National Party,new_zealand_national_party,area/nelson,Nelson,New Zealand Parliament,50,,,https://www.parliament.nz/media/1380/smith-nick.C240Ww.jpg,male
533c9081-f268-439e-8d7c-6301f364f1a3,Hon Gerry Brownlee,"Brownlee, Gerry",gerry.brownlee@parliament.govt.nz,,gerrybrownleemp,New Zealand National Party,new_zealand_national_party,area/ilam,Ilam,New Zealand Parliament,50,,,https://www.parliament.nz/media/1271/brownlee-gerry3.C1fwxA.jpg,male
84a6da5d-29ed-4461-9877-570acab059bd,Hon Hekia Parata,"Parata, Hekia",hekia.parata@parliament.govt.nz,hekiaparata,hekia.parata,New Zealand National Party,new_zealand_national_party,area/list,List,New Zealand Parliament,50,,,https://www.parliament.nz/media/1360/parata-hekia.C246Kg.jpg,female
c695fc09-22d2-4e62-8a4a-a77e3f765eeb,Hon Jo Goodhew,"Goodhew, Jo",jo.goodhew@parliament.govt.nz,JoGoodhewMP,Jo-Goodhew-317621700194,New Zealand National Party,new_zealand_national_party,area/rangitata,Rangitata,New Zealand Parliament,50,,,https://www.parliament.nz/media/1301/goodhew-jo5.C1fwxg.jpg,female
3da5166a-53e8-438c-8aca-0c507b7cc00f,Hon Judith Collins,"Collins, Judith",judith.collins@parliament.govt.nz,judithcollinsmp,judithcollinsmp,New Zealand National Party,new_zealand_national_party,area/papakura,Papakura,New Zealand Parliament,50,,,https://www.parliament.nz/media/1276/collins-judith3.C1fwxA.jpg,female
211ebbf1-82ae-4791-bb0c-92265a077e68,Hon Louise Upston,"Upston, Louise",louise.upston@parliament.govt.nz,LouiseUpston,louise.upston,New Zealand National Party,new_zealand_national_party,area/taupō,Taupō,New Zealand Parliament,50,,,https://www.parliament.nz/media/1389/upston-louise.C9uFGw.jpg,female
49f1f8d3-aba4-470b-bd49-2a3cde1967f5,Hon Maggie Barry,"Barry, Maggie",Maggie.Barry@parliament.govt.nz,maggiebarry,maggiebarrynz,New Zealand National Party,new_zealand_national_party,area/north_shore,North Shore,New Zealand Parliament,50,,,https://www.parliament.nz/media/2005/barry-maggie.C2pYfw.jpg,female
864705b0-2beb-4891-b871-a85374bf40f0,Hon Maurice Williamson,"Williamson, Maurice",Maurice.Williamson@parliament.govt.nz,williamson_nz,,New Zealand National Party,new_zealand_national_party,area/pakuranga,Pakuranga,New Zealand Parliament,50,,,https://www.parliament.nz/media/1392/williamson-maurice2.C1kn2Q.jpg,male
2becba21-c05b-4be5-8360-bf963b1990e8,Hon Michael Woodhouse,"Woodhouse, Michael",Michael.Woodhouse@parliament.govt.nz,WoodhouseMP,michael.woodhousemp,New Zealand National Party,new_zealand_national_party,area/list,List,New Zealand Parliament,50,,,https://www.parliament.nz/media/1396/woodhouse-michael2.C1kn2Q.jpg,male
67f3f057-cd23-4195-9556-4988fd52be68,Hon Murray McCully,"McCully, Murray",murray.mccully@parliament.govt.nz,,,New Zealand National Party,new_zealand_national_party,area/east_coast_bays,East Coast Bays,New Zealand Parliament,50,,,https://www.parliament.nz/media/1344/mccully_murray.DKLekw.jpg,male
478ea760-45b4-4cb1-a8ca-35a5ebcd5289,Hon Nanaia Mahuta,"Mahuta, Nanaia",nanaia.mahuta@parliament.govt.nz,NanaiaMahuta,nmahuta,New Zealand Labour Party,new_zealand_labour_party,area/hauraki-waikato,Hauraki-Waikato,New Zealand Parliament,50,,,https://www.parliament.nz/media/2213/mahuta-nanaia.C25VcA.jpg,female
a401d060-8cb8-4bbd-baa5-883a8ea722d5,Hon Nathan Guy,"Guy, Nathan",nathan.guy@parliament.govt.nz,NathanGuyOtaki,nathanguy4otaki,New Zealand National Party,new_zealand_national_party,area/Ōtaki,Ōtaki,New Zealand Parliament,50,,,https://www.parliament.nz/media/1300/guy-nathan5.C1fwxg.jpg,male
349a1e14-f739-4507-8efe-cdf4d605f3cd,Hon Nicky Wagner,"Wagner, Nicky",nicky.wagner@parliament.govt.nz,nickywagner,nickywagnermp,New Zealand National Party,new_zealand_national_party,area/christchurch_central,Christchurch Central,New Zealand Parliament,50,,,https://www.parliament.nz/media/1390/wagner-nicky.C24itA.jpg,female
d9f7319a-566a-42d4-bbeb-e3a85e1db8bf,Hon Nikki Kaye,"Kaye, Nikki",nikki.kaye@parliament.govt.nz,nikkikaye,NikkiKayeMP,New Zealand National Party,new_zealand_national_party,area/auckland_central,Auckland Central,New Zealand Parliament,50,,,https://www.parliament.nz/media/1330/kaye-nikki.C1kn0A.jpg,female
9492df2e-f963-4e55-b0e8-db02199cb367,Hon Paul Goldsmith,"Goldsmith, Paul",paul.goldsmith@parliament.govt.nz,PaulGoldsmithMP,PaulGoldsmithNZ,New Zealand National Party,new_zealand_national_party,area/list,List,New Zealand Parliament,50,,,https://www.parliament.nz/media/1297/goldsmith-paul5.C1fwxQ.jpg,male
260f0063-c108-4c99-892d-01e3963c54fe,Hon Paula Bennett,"Bennett, Paula",paula.bennett@parliament.govt.nz,paulabennettmp,paulabennettmp,New Zealand National Party,new_zealand_national_party,area/waitakere,Waitakere,New Zealand Parliament,50,,,https://www.parliament.nz/media/1263/bennett-paula3.C1fwww.jpg,female
2358632b-90c5-4887-93dc-eaf4f1b59e50,Hon Peseta Sam Lotu-Iiga,"Lotu-Iiga, Peseta Sam",peseta.sam.lotu-iiga@parliament.govt.nz,MaungakiekieSAM,pesetasam.lotuiiga,New Zealand National Party,new_zealand_national_party,area/maungakiekie,Maungakiekie,New Zealand Parliament,50,,,https://www.parliament.nz/media/1337/lotu-iiga-pesetasam.C1kn0Q.jpg,male
4e3fcc71-4f90-42fa-9ba1-636b0e0a4dc1,Hon Peter Dunne,"Dunne, Peter",peter.dunne@parliament.govt.nz,PeterDunneMP,,United Future,united_future,area/Ōhariu,Ōhariu,New Zealand Parliament,50,,,https://www.parliament.nz/media/1285/dunne-peter5.C1fwxA.jpg,male
cc30009a-37d8-4c62-bae9-f4410b5c2007,Hon Ruth Dyson,"Dyson, Ruth",ruth.dyson@parliament.govt.nz,RuthDysonMP,ruthdyson.labour,New Zealand Labour Party,new_zealand_labour_party,area/port_hills,Port Hills,New Zealand Parliament,50,,,https://www.parliament.nz/media/1287/dyson-ruth5.C1fwxQ.jpg,female
9110db14-2ab5-4f8d-8b41-4aca7efd5887,Hon Simon Bridges,"Bridges, Simon",simon.bridges@parliament.govt.nz,simonjbridges,Simon.Bridges.MP,New Zealand National Party,new_zealand_national_party,area/tauranga,Tauranga,New Zealand Parliament,50,,,https://www.parliament.nz/media/2058/bridgess.DJq5zQ.jpg,male
e584af29-0b13-44a7-a26f-5bd4838c08b3,Hon Steven Joyce,"Joyce, Steven",Steven.Joyce@parliament.govt.nz,stevenljoyce,HonStevenJoyce,New Zealand National Party,new_zealand_national_party,area/list,List,New Zealand Parliament,50,,,https://www.parliament.nz/media/1329/joyce-steven.C24x9Q.jpg,male
d85334ce-5897-4072-b805-2083c4cf2f05,Hon Te Ururoa Flavell,"Flavell, Te Ururoa",teururoa.flavell@parliament.govt.nz,TeUruroaFlavell,TeUruroa,Māori Party,māori_party,area/waiāriki,Waiāriki,New Zealand Parliament,50,,,https://www.parliament.nz/media/1290/flavell-teururoa5.C1fwxQ.jpg,male
358d874b-326e-4d1d-b12d-647a91f4c422,Hon Todd McClay,"McClay, Todd",todd.mcclay@parliament.govt.nz,,Todd.McClay.MP,New Zealand National Party,new_zealand_national_party,area/rotorua,Rotorua,New Zealand Parliament,50,,,https://www.parliament.nz/media/1346/mcclay-todd.C1kn0w.jpg,male
31c94789-10f7-4dc9-b43f-c052f2fa9328,Hon Trevor Mallard,"Mallard, Trevor",trevor.mallard@parliament.govt.nz,TrevorMallard,trevor.mallard1,New Zealand Labour Party,new_zealand_labour_party,area/hutt_south,Hutt South,New Zealand Parliament,50,,,https://www.parliament.nz/media/1347/mallard-trevor.C1kn1A.jpg,male
e823695b-4c16-4a6e-85c9-0eeeccdbfc8b,Hone Harawira,"Harawira, Hone",,AeMarika,MPHoneHarawira,Mana Party,mana_party,area/te_tai_tokerau,Te Tai Tokerau,New Zealand Parliament,50,,,"https://upload.wikimedia.org/wikipedia/commons/1/1e/Hone_Harawira,_Mana_Party_leader.jpg",male
c89e8e4f-60dc-4e61-8831-eca4bad4c45a,Iain Lees-Galloway,"Lees-Galloway, Iain",iain.lees-galloway@parliament.govt.nz,iainlg,ileesgalloway,New Zealand Labour Party,new_zealand_labour_party,area/palmerston_north,Palmerston North,New Zealand Parliament,50,,,https://www.parliament.nz/media/1334/lees-galloway-iain.C24YPg.jpg,male
075a23c9-36c9-486e-8101-58dc22f97021,Ian McKelvie,"McKelvie, Ian",ian.mckelvie@parliament.govt.nz,ianmckelviemp,IanMcKelvieMP,New Zealand National Party,new_zealand_national_party,area/rangitīkei,Rangitīkei,New Zealand Parliament,50,,,https://www.parliament.nz/media/1351/mckelvie-ian.C1kn1A.jpg,male
424c23ae-6b23-48f5-b1a7-1c40111e42e7,Jacinda Ardern,"Ardern, Jacinda",jacinda.ardern@parliament.govt.nz,jacindaardern,jacindaardern,New Zealand Labour Party,new_zealand_labour_party,area/list,List,New Zealand Parliament,50,,,https://www.parliament.nz/media/1234/ardern-jacinda.C1arZA.jpg,female
d5fb32e3-2dda-4492-a09e-4b7560629035,Jackie Blue,"Blue, Jackie",,,,New Zealand National Party,new_zealand_national_party,area/list,List,New Zealand Parliament,50,,,,female
d38bf776-12b8-45cf-bd1b-44ec2d3c1bd6,Jacqui Dean,"Dean, Jacqui",jacqui.dean@parliament.govt.nz,JacquiDeanMP,JacquiDeanMP,New Zealand National Party,new_zealand_national_party,area/waitaki,Waitaki,New Zealand Parliament,50,,,https://www.parliament.nz/media/2060/dean-jacqui.C2zKYw.jpg,female
b95652d2-b776-45c5-9c79-16add328efa5,Jami-Lee Ross,"Ross, Jami-Lee",jami-lee.ross@parliament.govt.nz,jamileeross,jami.lee.ross,New Zealand National Party,new_zealand_national_party,area/botany,Botany,New Zealand Parliament,50,,,https://www.parliament.nz/media/1371/ross-jami-lee.C24asA.jpg,male
34c2d266-269e-4710-8227-f66bde22b11f,Jan Logie,"Logie, Jan",jan.logie@parliament.govt.nz,janlogie,MPJanLogie,Green Party of Aotearoa New Zealand,green_party_of_aotearoa_new_zealand,area/list,List,New Zealand Parliament,50,,,https://www.parliament.nz/media/1339/logie-jan.C1kn0g.jpg,female
517a3527-a103-4385-add3-5710b2e3be25,Joanne Hayes,"Hayes, Joanne",Joanne.Hayes@parliament.govt.nz,jo_hayes1,JoanneHayesMP,New Zealand National Party,new_zealand_national_party,area/list,List,New Zealand Parliament,50,,,https://www.parliament.nz/media/1303/hayes-joanne.C24Zog.jpg,female
c3612695-9e2d-4a53-9b3a-0faae650a920,John Banks,John Banks,,,,ACT New Zealand,act_new_zealand,area/epsom,Epsom,New Zealand Parliament,50,,,https://upload.wikimedia.org/wikipedia/commons/a/a2/John_Banks_At_Opening_Of_Grafton_Bridge_cropped.jpg,male
81084c77-6ad7-40c7-a929-5e9225f32fc5,John Hayes,"Hayes, John",,,,New Zealand National Party,new_zealand_national_party,area/wairarapa,Wairarapa,New Zealand Parliament,50,,,,male
9637dcae-571e-4697-844d-7659037a8bf3,Jonathan Young,"Young, Jonathan",jonathan.young@parliament.govt.nz,JonathanYoungMP,jonathan.youngmp,New Zealand National Party,new_zealand_national_party,area/new_plymouth,New Plymouth,New Zealand Parliament,50,,,https://www.parliament.nz/media/1398/young-jonathan2.C1kn2g.jpg,male
71500d41-1ac0-4aa3-bb83-5798f65af12c,Julie Anne Genter,"Genter, Julie Anne",julieanne.genter@parliament.govt.nz,JulieAnneGenter,JulieAnneGenterMP,Green Party of Aotearoa New Zealand,green_party_of_aotearoa_new_zealand,area/list,List,New Zealand Parliament,50,,,https://www.parliament.nz/media/1294/genter-julie-anne5.C1fwxQ.jpg,female
2bb89a37-a00b-43fc-8ccf-e26415dab70a,Kanwaljit Singh Bakshi,"Bakshi, Kanwaljit Singh",KanwaljitSingh.Bakshi@parliament.govt.nz,Bakshiks,Bakshiks,New Zealand National Party,new_zealand_national_party,area/list,List,New Zealand Parliament,50,,,https://www.parliament.nz/media/1259/bakshi-kanwaljitsingh3.C1fwwg.jpg,male
0bae767b-479d-48a8-95f5-ac856fc28a0c,Kate Wilkinson,"Wilkinson, Kate",,,,New Zealand National Party,new_zealand_national_party,area/waimakariri,Waimakariri,New Zealand Parliament,50,,,https://upload.wikimedia.org/wikipedia/commons/e/e9/Kate_Wilkinson_crop.jpg,female
a8777d35-16ff-430b-a825-ecd892f92c09,Katrina Shanks,Katrina Shanks,,,,New Zealand National Party,new_zealand_national_party,area/list,List,New Zealand Parliament,50,,,,female
757d9d0d-cd82-46ed-8495-2fb888a78a14,Kevin Hague,Kevin Hague,,,,Green Party of Aotearoa New Zealand,green_party_of_aotearoa_new_zealand,area/list,List,New Zealand Parliament,50,,,https://upload.wikimedia.org/wikipedia/commons/4/4a/Kevin_Hague.jpg,male
d061a5ff-a01b-4e05-bd9d-eeb1d126a545,Kris Faafoi,"Faafoi, Kris",kris.faafoi@parliament.govt.nz,KrisinMana,krisfaafoimp,New Zealand Labour Party,new_zealand_labour_party,area/mana,Mana,New Zealand Parliament,50,,,https://www.parliament.nz/media/1289/faafoi-kris.C24c5w.jpg,male
e61b4631-5b29-42e7-97b6-dfd1315f3566,Lianne Dalziel,"Dalziel, Lianne",,,,New Zealand Labour Party,new_zealand_labour_party,area/christchurch_east,Christchurch East,New Zealand Parliament,50,,,https://upload.wikimedia.org/wikipedia/commons/d/de/Lianne_Dalziel.jpg,female
1287bc9d-7c1e-4d17-88e6-338a852b6f6e,Lindsay Tisch,"Tisch, Lindsay",lindsay.tisch@parliament.govt.nz,,Lindsay-Tisch-MP-804666182884878,New Zealand National Party,new_zealand_national_party,area/waikato,Waikato,New Zealand Parliament,50,,,https://www.parliament.nz/media/1387/tisch-lindsay.C24bjA.jpg,male
9ff932d5-883d-4ed7-b58b-67df054d0221,Lockwood Smith,"Smith, Lockwood",,,,New Zealand National Party,new_zealand_national_party,area/list,List,New Zealand Parliament,50,,,https://upload.wikimedia.org/wikipedia/commons/e/e5/Lockwood_Smith_70th_Anniversary_of_the_arrival_of_US_Forces_in_New_Zealand.jpg,male
21f5a8ce-36c0-44b8-8770-5ec34f182a6c,Louisa Wall,"Wall, Louisa",louisa.wall@parliament.govt.nz,,louisawall.labourmanurewa,New Zealand Labour Party,new_zealand_labour_party,area/manurewa,Manurewa,New Zealand Parliament,50,,,https://www.parliament.nz/media/1391/wall-louisa2.C1kn2Q.jpg,female
16d00498-86ff-4c58-9733-49dcd35f0fee,Mark Mitchell,"Mitchell, Mark",Mark.Mitchell@parliament.govt.nz,MarkMitchellMP,markmitchellmp,New Zealand National Party,new_zealand_national_party,area/rodney,Rodney,New Zealand Parliament,50,,,https://www.parliament.nz/media/1350/mitchell-mark.C24eAg.jpg,male
57245b14-3de1-4d24-9c60-c77873293b30,Maryan Street,"Street, Maryan",,,,New Zealand Labour Party,new_zealand_labour_party,area/list,List,New Zealand Parliament,50,,,"https://upload.wikimedia.org/wikipedia/commons/2/27/Maryan_Street,_2012.jpg",female
af3f3ed4-9dd7-42c5-838b-6a5b5f95b363,Meka Whaitiri,"Whaitiri, Meka",meka.whaitiri@parliament.govt.nz,,MekaIkaroaRawhiti,New Zealand Labour Party,new_zealand_labour_party,area/list,List,New Zealand Parliament,50,,,https://www.parliament.nz/media/1393/whaitiri-meka.C24cAQ.jpg,female
889304ad-5007-4b59-8dbb-a11ceb351319,Melissa Lee,"Lee, Melissa",Melissa.Lee@parliament.govt.nz,melissaleemp,mpmelissalee,New Zealand National Party,new_zealand_national_party,area/list,List,New Zealand Parliament,50,,,https://www.parliament.nz/media/1333/lee-melissa.C1kn0Q.jpg,female
751c5318-8b7a-4f4c-a007-12d0870fe7fc,Metiria Turei,"Turei, Metiria",metiria.turei@parliament.govt.nz,metiria,metiria,Green Party of Aotearoa New Zealand,green_party_of_aotearoa_new_zealand,area/list,List,New Zealand Parliament,50,,,https://www.parliament.nz/media/1386/turei-metiria2.C1kn2A.jpg,female
3ea29024-109a-4c11-8453-06e7bc67909a,Mike Sabin,Mike Sabin,,,,New Zealand National Party,new_zealand_national_party,area/northland,Northland,New Zealand Parliament,50,,,,male
514be4cf-7338-4699-88b5-3799126f2be2,Moana Mackey,"Mackey, Moana",,,,New Zealand Labour Party,new_zealand_labour_party,area/list,List,New Zealand Parliament,50,,,https://upload.wikimedia.org/wikipedia/commons/b/b7/Moana_Mackey.jpg,female
e645cff7-45a7-489d-9dd0-6b1604c3cdc7,Mojo Mathers,"Mathers, Mojo",Mojo.Mathers@parliament.govt.nz,mojomathers,mojomathersMP,Green Party of Aotearoa New Zealand,green_party_of_aotearoa_new_zealand,area/list,List,New Zealand Parliament,50,,,https://www.parliament.nz/media/2215/mathers-mojo.C25WeA.jpg,female
2f4bb8bb-819e-4ea9-b887-9f3991dc0eba,Parekura Horomia,"Horomia, Parekura",,,,New Zealand Labour Party,new_zealand_labour_party,area/ikaroa-rāwhiti,Ikaroa-Rāwhiti,New Zealand Parliament,50,,,https://upload.wikimedia.org/wikipedia/commons/0/09/Parekura_Horomia_portrait.jpg,male
09451e3b-f365-4df1-8db7-9a87c75a06cd,Paul Foster-Bell,"Foster-Bell, Paul",paul.foster-bell@parliament.govt.nz,PARFosterBell,PaulFosterBellMP,New Zealand National Party,new_zealand_national_party,area/list,List,New Zealand Parliament,50,,,https://www.parliament.nz/media/1292/foster-bell-paul5.C1fwxQ.jpg,male
1b1d8e8c-d5ae-4a28-97ef-d7f373fa51e2,Paul Hutchison,"Hutchison, Paul",,,,New Zealand National Party,new_zealand_national_party,area/hunua,Hunua,New Zealand Parliament,50,,,,male
102fedca-153b-457e-8a8b-de68f5521a7c,Phil Goff,"Goff, Phil",,,philgoff.labour,New Zealand Labour Party,new_zealand_labour_party,area/mount_roskill,Mount Roskill,New Zealand Parliament,50,,,https://upload.wikimedia.org/wikipedia/commons/7/71/Labour_Leader_Phil_Goff_in_Hamilton.JPG,male
905ef0cf-d73d-4df3-b5bc-cde206f3955e,Phil Heatley,"Heatley, Phil",,,,New Zealand National Party,new_zealand_national_party,area/whangarei,Whangarei,New Zealand Parliament,50,,,,male
dfb2fefb-cdb0-4e7d-9ec0-7055b954fd46,Phil Twyford,"Twyford, Phil",phil.twyford@parliament.govt.nz,,phil.twyford.1,New Zealand Labour Party,new_zealand_labour_party,area/te_atatū,Te Atatū,New Zealand Parliament,50,,,https://www.parliament.nz/media/1388/twyford-phil.C24e-w.jpg,male
d79d5645-119b-428a-900a-6bce8ac0ee39,Pita Sharples,"Sharples, Pita",,,,Māori Party,māori_party,area/tāmaki_makaurau,Tāmaki Makaurau,New Zealand Parliament,50,,,https://upload.wikimedia.org/wikipedia/commons/0/01/Pita_sharples.jpg,male
fc1eb965-9694-45fd-8cbe-21c1ce7189e9,Poto Williams,"Williams, Poto",poto.williams@parliament.govt.nz,PotoChchEast,poto.williams.7,New Zealand Labour Party,new_zealand_labour_party,area/list,List,New Zealand Parliament,50,,,https://www.parliament.nz/media/1394/willams-poto2.C1kn2Q.jpg,female
6a2dd7d7-2503-4b34-84e4-125287ca78a7,Rajen Prasad,Rajen Prasad,,,,New Zealand Labour Party,new_zealand_labour_party,area/list,List,New Zealand Parliament,50,,,https://upload.wikimedia.org/wikipedia/commons/7/77/Rajen_Prasad.jpg,male
e76fa26a-b134-49b4-b132-0c47be05a977,Raymond Huo,Raymond Huo,,,,New Zealand Labour Party,new_zealand_labour_party,area/list,List,New Zealand Parliament,50,,,,male
60ebe803-4cf9-469c-b046-b2d8379e7ae8,Richard Prosser,"Prosser, Richard",richard.prosser@parliament.govt.nz,richard_prosser,richard.prosser1,New Zealand First,new_zealand_first,area/list,List,New Zealand Parliament,50,,,https://www.parliament.nz/media/1364/prosser-richard.C1kn1Q.jpg,male
5980e7c4-2d1d-4596-9a2f-7b0d9f6a4838,Rino Tirikatene,"Tirikatene, Rino",rino.tirikatene@parliament.govt.nz,RinoTirikatene,rino.tirikatene.3,New Zealand Labour Party,new_zealand_labour_party,area/te_tai_tonga,Te Tai Tonga,New Zealand Parliament,50,,,https://www.parliament.nz/media/1384/tirikatene-rino.C24jZA.jpg,male
e7af18d3-5f96-41aa-a2b9-c8b834f28978,Ross Robertson,"Robertson, Ross",,,,New Zealand Labour Party,new_zealand_labour_party,area/manukau_east,Manukau East,New Zealand Parliament,50,,,https://upload.wikimedia.org/wikipedia/commons/9/97/RossRobertson.JPG,male
596b6dcc-3c12-4133-815d-c96678054701,Rt Hon David Carter,"Carter, David",david.carter@parliament.govt.nz,DavidCarterMP,DavidCarterMP,New Zealand National Party,new_zealand_national_party,area/list,List,New Zealand Parliament,50,,,https://www.parliament.nz/media/1273/carter-david3.C1fwxA.jpg,male
cf4011ee-2b62-41f7-897d-0b1bf771a89d,Rt Hon John Key,"Key, John",john.key@parliament.govt.nz,johnkeypm,pmjohnkey,New Zealand National Party,new_zealand_national_party,area/helensville,Helensville,New Zealand Parliament,50,,,https://www.parliament.nz/media/2003/key-john.C2pLGA.jpg,male
995239c2-94c8-40d4-9343-839e60aaebea,Rt Hon Winston Peters,"Peters, Winston",winston.peters@parliament.govt.nz,winstonpeters,winstonpeters,New Zealand First,new_zealand_first,area/list,List,New Zealand Parliament,50,,,https://www.parliament.nz/media/1395/winston-peters2.C1kn2Q.jpg,male
68d3ce8d-ccb5-4494-ba80-c2bc2c371a39,Russel Norman,Russel Norman,,RusselNorman,,Green Party of Aotearoa New Zealand,green_party_of_aotearoa_new_zealand,area/list,List,New Zealand Parliament,50,,,https://upload.wikimedia.org/wikipedia/commons/1/15/Russel_Norman2.jpg,male
940d2628-b8d0-4a60-a693-542c2217c4c6,Scott Simpson,"Simpson, Scott",scott.simpson@parliament.govt.nz,ScottSimpsonMP,scottsimpsonmp,New Zealand National Party,new_zealand_national_party,area/coromandel,Coromandel,New Zealand Parliament,50,,,https://www.parliament.nz/media/1377/simpson-scott.C1kn1w.jpg,male
a3579fb8-fb2b-42ec-886b-cf25d4b72a4f,Shane Ardern,"Ardern, Shane",,,,New Zealand National Party,new_zealand_national_party,area/taranaki-king_country,Taranaki-King Country,New Zealand Parliament,50,,,,male
32c4d818-8e81-40e1-9292-4f8fd3b30232,Simon O’Connor,"O'Connor, Simon",simon.oconnor@parliament.govt.nz,SimonOConnorMP,SimonOConnorMP,New Zealand National Party,new_zealand_national_party,area/tāmaki,Tāmaki,New Zealand Parliament,50,,,https://www.parliament.nz/media/1357/oconnor-simon.C1kn1Q.jpg,male
6b9d03f5-d45c-4a35-b2eb-a062b4692816,Steffan Browning,"Browning, Steffan",steffan.browning@parliament.govt.nz,SteffanBrowning,steffanbrowningmp,Green Party of Aotearoa New Zealand,green_party_of_aotearoa_new_zealand,area/list,List,New Zealand Parliament,50,,,https://www.parliament.nz/media/1270/browning-steffan.C244Ng.jpg,male
ac22e047-fb72-4e7e-b0b6-4cee156104bd,Sue Moroney,"Moroney, Sue",sue.moroney@parliament.govt.nz,suemoroney,suemoroney,New Zealand Labour Party,new_zealand_labour_party,area/list,List,New Zealand Parliament,50,,,https://www.parliament.nz/media/1349/moroney-sue.C1kn1A.jpg,female
dd826092-7cbf-4791-a77b-e77602967b58,Su’a William Sio,"Sio, Su'a William",sua.william.sio@parliament.govt.nz,swsio_mp,suawilliamsio,New Zealand Labour Party,new_zealand_labour_party,area/mangere,Mangere,New Zealand Parliament,50,,,https://www.parliament.nz/media/1378/sio-sua-william.C1kn1w.jpg,male
846f01e4-8349-4e1a-b254-51765ea898e5,Tariana Turia,"Turia, Tariana",,,,Māori Party,māori_party,area/te_tai_hauāuru,Te Tai Hauāuru,New Zealand Parliament,50,,,https://upload.wikimedia.org/wikipedia/commons/e/ed/Tariana_Turia_NZgovt.jpg,female
04facc0f-92c4-4dcf-823e-2c4588952c02,Tau Henare,"Henare, Tau",,,tau.henare,New Zealand National Party,new_zealand_national_party,area/list,List,New Zealand Parliament,50,,,,male
73d9ecf3-a8e4-4851-a2c4-2b7b9905fce1,Tim Groser,"Groser, Tim",,,,New Zealand National Party,new_zealand_national_party,area/list,List,New Zealand Parliament,50,,,,male
6260ac90-d05b-496a-9545-39d22d7c152f,Tim Macindoe,"Macindoe, Tim",tim.macindoe@parliament.govt.nz,timmacindoe,TimMacindoeMP,New Zealand National Party,new_zealand_national_party,area/hamilton_west,Hamilton West,New Zealand Parliament,50,,,https://www.parliament.nz/media/1338/macindoe-tim.C1kn0Q.jpg,male
f2b11654-027e-4573-a3cf-4ccbff9bffba,Tony Ryall,"Ryall, Tony",,,,New Zealand National Party,new_zealand_national_party,area/bay_of_plenty,Bay of Plenty,New Zealand Parliament,50,,,https://upload.wikimedia.org/wikipedia/commons/8/84/Tony_Ryall.jpg,male
b2ee05af-fb1c-449b-b6ca-7fbb2b38f2c3,Tracey Martin,"Martin, Tracey",tracey.martin@parliament.govt.nz,traceymartinmp,tracey.martinmp,New Zealand First,new_zealand_first,area/list,List,New Zealand Parliament,50,,,https://www.parliament.nz/media/2045/martin-tracey.C2u8ZQ.jpg,female
