id,name__en,name__es,name__nl,name__fr,name__de,name__nb,name__da,name__nn,name__sv,name__ru,name__zh,name__hu,name,wikipedia__en,wikipedia__zh,gender,birth_date,given_name,original_wikiname,name__pl,wikipedia__pl,image,family_name,name__cs,wikipedia__commons,wikipedia__cswikiquote,wikipedia__enwikiquote,wikipedia__enwikisource,identifier__VIAF,identifier__NLAtrove,wikipedia__de,name__it,website,twitter,wikipedia__fr,name__zh_hant,name__zh_cn,wikipedia__ru,identifier__IMDB,name__el,identifier__ISNI,identifier__LCAuth,identifier__SUDOC,identifier__NLA,identifier__FAST,wikipedia__nl,identifier__freebase,name__vep,wikipedia__vep,name__vi,wikipedia__vi,wikipedia__it,wikipedia__sv,identifier__IIAF,name__ar,wikipedia__ar,wikipedia__simple,name__fa,wikipedia__fa,name__pt,wikipedia__pt,name__zh_hans,name__zh_hk,name__zh_sg,name__zh_tw,name__ko,name__id,wikipedia__id,wikipedia__ko,name__fi,wikipedia__fi,facebook,death_date,name__la,name__ja,name__ca,name__oc,name__en_gb,name__mg,wikipedia__ja,wikipedia__la,wikipedia__mg,wikipedia__plwikiquote,identifier__MusicBrainz,wikipedia__cs,wikipedia__es,name__cy,identifier__BNF,name__th,wikipedia__th,identifier__GND,name__en_ca,name__nds,name__vmf,identifier__NTA,identifier__Munzinger,identifier__CSPAN,identifier__ULAN,name__uk,wikipedia__uk,name__he,wikipedia__he,wikipedia__sh,name__sh,identifier__youtube,wikipedia__tr,identifier__NNDB,name__tr,occupation,identifier__wikitree,identifier__google_knowledge
Q1070523,Cheryl Kernot,Cheryl Kernot,Cheryl Kernot,Cheryl Kernot,Cheryl Kernot,Cheryl Kernot,Cheryl Kernot,Cheryl Kernot,Cheryl Kernot,,,Cheryl Kernot,Cheryl Kernot,Cheryl Kernot,,female,1948-12-05,Cheryl,Cheryl Kernot,,,,,,,,,,73485014,,Cheryl Kernot,,,,,,,,,,0000 0000 6405 7226,,,35201264,,,/m/034tlr,,,,,,,,,,,,,,,,,,,,,,,,,,,,,,,,,,,,,,,,,,,,,,,,,,,,,,,,,,,,,,politician,,
Q12063768,Kerry Nettle,Kerry Nettle,,Kerry Nettle,Kerry Nettle,,,,,,,,Kerry Nettle,Kerry Nettle,,female,1973-12-24,Kerry,Kerry Nettle,,,https://upload.wikimedia.org/wikipedia/commons/9/93/Kerry_Nettle.jpg,,,Category:Kerry Nettle,,,,,,,,,,,,,,,,,,,,,,,,,,,,,,,,,,,,,,,,,,,,,,,,,,,,,,,,,,,,,,,,,,,,,,,,,,,,,,,,,,,,,,
Q13522531,Michael Tate,Michael Tate,Michael Tate,Michael Tate,Michael Tate,,,,,Майкл Тейт,,Michael Tate,Michael Tate,Michael Tate,,male,1945-07-06,Michael,Michael Tate,,,,,,,,,,,,,Michael Tate,,,,,,,,,,,,,,,,,,,,,,,,,,,,,,,,,,,,,,,,,,,,,,,,,,,,,,,,,,,,,,,,,,,,,,,,,,,,,diplomat,,
Q14201517,Nick McKim,Nick McKim,Nick McKim,Nick McKim,Nick McKim,,,,,,尼克·麥金姆,Nick McKim,Nick McKim,Nick McKim,尼克·麥金姆,male,1965-06-11,Nick,Nick McKim,,,https://upload.wikimedia.org/wikipedia/commons/b/bc/Nick_McKim_June_2010.jpg,McKim,,Category:Nick McKim,,,,,1602916,,,,NickMcKim,,,,,,,,,,,,,,,,,,,,,,,,,,,,,,,,,,,,,,,,,,,,,,,,,,,,,,,,,,,,,,,,,,,,,,,,,,,politician,,
Q1494887,Gary Humphries,Gary Humphries,Gary Humphries,Gary Humphries,Gary Humphries,,,,,,,Gary Humphries,Gary Humphries,Gary Humphries,,male,1958-07-06,Gary,Gary Humphries,,,https://upload.wikimedia.org/wikipedia/commons/0/02/Gary_Humphries_2010.jpg,,,,,,,,,Gary Humphries,,,,,,,,,,,,,,,,/m/02q4hw,,,,,,,,,,,,,,,,,,,,,,,,,,,,,,,,,,,,,,,,,,,,,,,,,,,,,,,,,,,,,,politician,,
Q15452349,John Black,,John Black,John Black,,,,,,,,,John Black,John Black (Australian politician),,male,1952-01-26,John,John Black (Australian politician),,,,,,,,,,93976394,,,,,,,,,,,,,,,,,,,,,,,,,,,,,,,,,,,,,,,,,,,,,,,,,,,,,,,,,,,,,,,,,,,,,,,,,,,,,,,,politician,,
Q15462333,Fred Chaney,,Fred Chaney,Fred Chaney,Fred Chaney,,,,,,,,Fred Chaney,Fred Chaney,,male,1941-10-28,Fred,Fred Chaney,,,https://upload.wikimedia.org/wikipedia/commons/d/d6/Recognise_Campaign_Fred_Chaney_Presser.jpg,,,,,,,94479641,,,,,,,,,,,,,,,,,,,,,,,,,,,,,,,,,,,,,,,,,,,,,,,,,,,,,,,,,,,,,,,,,,,,,,,,,,,,,,,,politician,,
Q15500828,Karin Sowada,,,Karin Sowada,Karin Sowada,,,,,,,,Karin Sowada,Karin Sowada,,female,1961-11-01,Karin,Karin Sowada,,,,,,,,,,95603444,,,,,,,,,,,,,,092191479,,,,,,,,,,,,,,,,,,,,,,,,,,,,,,,,,,,,,,,,,,,,,165641815,,,,,,,,,,,,,,,,,,,,,,,
Q15501809,Jo Vallentine,,,Jo Vallentine,Jo Vallentine,,,,,,,,Jo Vallentine,Jo Vallentine,,female,1946-05-30,Jo,Jo Vallentine,,,https://upload.wikimedia.org/wikipedia/commons/2/23/CHOGM_2011_protest_gnangarra-110.jpg,,,,,,,16795842,,,,,,,,,,,,,,,,,,,,,,,,,,,,,,,,,,,,,,,,,,,,,,,,,,,,,,,,,,,,,,,,,,,,,,,,,,,,,,,,,,
Q15506241,Mal Colston,,Mal Colston,Mal Colston,Mal Colston,,,,,,,,Mal Colston,Mal Colston,,male,1938-04-05,,Mal Colston,,,,,,,,,,93492075,,,Mal Colston,,,,馬兒·克爾斯頓,马儿·克尔斯顿,,,,,,,,,,,,,,,,,,,,,,,,,,,,,,,,,,,,2003-08-23,,,,,,,,,,,,,,,,,,,,,,,,,,,,,,,,,,,,politician,,
Q15516927,Brian Harradine,Brian Harradine,Brian Harradine,Brian Harradine,Brian Harradine,,,,,,布萊恩·哈拉丁,Brian Harradine,Brian Harradine,Brian Harradine,布萊恩·哈拉丁,male,1935-01-09,Brian,Brian Harradine,,,,,,,,,,93583994,575760,,,,,,,,,,,,,,,,,,,,,,,,,,,Brian Harradine,,,,,,,,,,,,,,,,2014-04-14,,,,,,,,,,,,,Brian Harradine,Brian Harradine,,,,,,,,,,,,,,,,,,,,,,politician,,
Q16090810,Patricia Giles,,Patricia Giles,Patricia Giles,Patricia Giles,,,,,,,,Patricia Giles,Patricia Giles,,female,1928-11-16,Patricia,Patricia Giles,,,,,,,,,,,,,Patricia Giles,,,,,,,,,,,,,,,,,,,,,,,,,,,,,,,,,,,,,,,,,,,,,,,,,,,,,,,,,,,,,,,,,,,,,,,,,,,,,politician,,
Q16091146,Bryant Burns,,Bryant Burns,Bryant Burns,Bryant Burns,,,,,,,,Bryant Burns,Bryant Burns,,male,1929-03-24,Bryant,Bryant Burns,,,,,,,,,,,,,,,,,,,,,,,,,,,,,,,,,,,,,,,,,,,,,,,,,,,,,,,,,,,,,,,,,,,,,,,,,,,,,,,,,,,,,,,,,,politician,,
Q16107277,John Devereux,,John Devereux,John Devereux,,,,,,,,,John Devereux,John Devereux (politician),,male,1946-02-08,John,John Devereux (politician),,,,,,,,,,,,,,,,,,,,,,,,,,,,,,,,,,,,,,,,,,,,,,,,,,,,,,,,,,,,,,,,,,,,,,,,,,,,,,,,,,,,,,,,,,politician,,
Q16148043,Sue Boyce,,Sue Boyce,Sue Boyce,Sue Boyce,,,,,,,,Sue Boyce,Sue Boyce,,female,1951-03-15,Sue,Sue Boyce,,,,,,,,,,,,,,,,,,,,,,,,,,,,,,,,,,,,,,,,,,,,,,,,,,,,,,,,,,,,,,,,,,,,,,,,,,,,,,,,,,,,,,,,,,politician,,
Q16149378,David Leyonhjelm,,David Leyonhjelm,David Leyonhjelm,David Leyonhjelm,,,,,,大衛·利昂傑姆,,David Leyonhjelm,David Leyonhjelm,大衛·利昂傑姆,male,1952-04-01,David,David Leyonhjelm,,,"https://upload.wikimedia.org/wikipedia/commons/c/c3/David_Leyonhjelm,_2014_(cropped).png",,,,,,,,,,,,,,,,,,,,,,,,,,,,,,,,,,,,,,,,,,,,,,,,,,,,,,,,,,,,,,,,,,,,,,,,,,,,,,,,,,,,,,,veterinarian,,
Q16152123,Andrew Bartlett,,Andrew Bartlett,Andrew Bartlett,Andrew Bartlett,,,,,,,,Andrew Bartlett,Andrew Bartlett,,male,1964-08-04,Andrew,Andrew Bartlett,,,https://upload.wikimedia.org/wikipedia/commons/8/86/Andrew_Bartlett.jpg,Bartlett,,,,,,,,,,,,,,,,,,,,,,,,,,,,,,,,,,,,,,,,,,,,,,,,,,,,,,,,,,,,,,,,,,,,,,,,,,,,,,,,,,,,,,social worker,,
Q16185446,Sue Lines,,Sue Lines,Sue Lines,Sue Lines,,,,,,,,Sue Lines,Sue Lines,,female,1953-12-15,Sue,Sue Lines,,,,,,,,,,,,,Sue Lines,,,,,,,,,,,,,,,,,,,,,,,,,,,,,,,,,,,,,,,,,,,,,,,,,,,,,,,,,,,,,,,,,,,,,,,,,,,,,politician,,
Q16186348,Sandy Macdonald,,,Sandy Macdonald,Sandy Macdonald,,,,,,,,Sandy Macdonald,Sandy Macdonald,,male,1954-05-10,Sandy,Sandy Macdonald,,,,,,,,,,,,,,,,,,,,,,,,,,,,,,,,,,,,,,,,,,,,,,,,,,,,,,,,,,,,,,,,,,,,,,,,,,,,,,,,,,,,,,,,,,,,
Q16187030,Trish Crossin,,Trish Crossin,Trish Crossin,Trish Crossin,,,,,,,,Trish Crossin,Trish Crossin,,female,1956-03-21,Trish,Trish Crossin,,,,,,,,,,92406054,,,Trish Crossin,,,,,,,,,,,,,,,,,,,,,,,,,,,,,,,,,,,,,,,,,,,,,,,,,,,,,,,,,,,,,,,,,,,,,,,,,,,,,politician,,
Q16187118,Steve Hutchins,,Steve Hutchins,Steve Hutchins,,,,,,,,,Steve Hutchins,Steve Hutchins,,male,1956-04-22,Steve,Steve Hutchins,,,,,,,,,,,,,Steve Hutchins,,,,,,,,,,,,,,,,,,,,,,,,,,,,,,,,,,,,,,,,,,,,,,,,,,,,,,,,,,,,,,,,,,,,,,,,,,,,,politician,,
Q16189433,Barry O'Sullivan,,Barry O'Sullivan,Barry O'Sullivan,Barry O'Sullivan,,,,,,巴里·奧蘇利文,,Barry O'Sullivan,Barry O'Sullivan (politician),巴里·奧蘇利文,male,1957-03-24,Barry,Barry O'Sullivan (politician),,,,,,,,,,,,,,,,,,,,,,,,,,,,,,,,,,,,,,,,,,,,,,,,,,,,,,,,,,,,,,,,,,,,,,,,,,,,,,,,,,,,,,,,,,politician,,
Q16189453,Helen Polley,,Helen Polley,Helen Polley,Helen Polley,,,,,,,,Helen Polley,Helen Polley,,female,1957-02-09,Helen,Helen Polley,,,https://upload.wikimedia.org/wikipedia/commons/f/fd/SeN_Helen_Polley.jpg,,,,,,,,,,,,,,,,,,,,,,,,,,,,,,,,,,,,,,,,,,,,,,,,,,,,,,,,,,,,,,,,,,,,,,,,,,,,,,,,,,,,,,,politician,,
Q16191011,Marise Payne,,Marise Payne,Marise Payne,Marise Payne,,,,,,,,Marise Payne,Marise Payne,,female,1964-07-29,,Marise Payne,Marise Payne,Marise Payne,https://upload.wikimedia.org/wikipedia/commons/5/53/Marise_Payne_October_2015.jpg,,,,,,,94994359,,Marise Payne,,,,,,,,,,,,,,,,,,,Marise Payne,Marise Payne,,,,,,,,,,,,,,,,,,,,,,,,マライズ・ペイン,,,,,,,,,,,,,,,,,,,,,,,,,,,,,,,,,,politician,,
Q16191279,Lisa Singh,,Lisa Singh,Lisa Singh,Lisa Singh,,,,,,,,Lisa Singh,Lisa Singh,,female,1972-02-20,Lisa,Lisa Singh,,,,,,,,,,,,,Lisa Singh,,,,,,,,,,,,,,,,,,,,,,,,,,,,,,,,,,,,,,,,,,,,,,,,,,,,,,,,,,,,,,,,,,,,,,,,,,,,,politician,,
Q16193580,Steve Fielding,,Steve Fielding,Steve Fielding,,,,,,,,,Steve Fielding,Steve Fielding,,male,1960-10-17,Steve,Steve Fielding,,,,,,,,,,,,,Steve Fielding,,,,,,,,,,,,,,,,,,,,,,,,,,,,,,,,,,,,,,,,,,,スティーヴ・フィールディング,,,,,,,,,,,,,,,,,,,,,,,,,,,,,,,,,,,,
Q16193816,Janet Rice,,,Janet Rice,Janet Rice,,,,,,,,Janet Rice,Janet Rice,,female,1960-11-18,Janet,Janet Rice,,,https://upload.wikimedia.org/wikipedia/commons/f/f7/Janet_Rice.jpg,,,,,,,,,,,,,,,,,,,,,,,,,,,,,,,,,,,,,,,,,,,,,,,,,,,,,,,,,,,,,,,,,,,,,,,,,,,,,,,,,,,,,,,,,
Q16202391,Matthew Canavan,,Matthew Canavan,Matthew Canavan,Matthew Canavan,,,,,,馬修·卡納萬,,Matthew Canavan,Matthew Canavan,馬修·卡納萬,male,1980-12-17,Matthew,Matthew Canavan,,,,,,,,,,,,,,,,,,,,,,,,,,,,,,,,,,,,,,,,,,,,,,,,,,,,,,,,,,,,,,,,,,,,,,,,,,,,,,,,,,,,,,,,,,politician,,
Q16206062,Sam Dastyari,,Sam Dastyari,Sam Dastyari,Sam Dastyari,,,,,,,,Sam Dastyari,Sam Dastyari,,male,1983-07-28,Sam,Sam Dastyari,,,https://upload.wikimedia.org/wikipedia/commons/2/20/Senator_Sam_Dastyari_March_2014.jpg,,,,,,,,,,,,samdastyari,,,,,,,,,,,,,/m/0wbmmf4,,,,,,,,,,,سام دستیاری,سام دستیاری,,,,,,,,,,,,,senator.sam.dastyari,,,,,,,,,,,,,,,,,,,,,,,,,,,,,,,,,,,,,politician,,
Q16213376,David Feeney,,David Feeney,David Feeney,David Feeney,,,,,,,,David Feeney,David Feeney,,male,1970-03-05,David,David Feeney,,,,,,,,,,,,,,,,,,,,,,,,,,,,,,,,,,,,,,,,,,,,,,,,,,,,,,,,,,,,,,,,,,,,,,,,,,,,,,,,,,,,,,,,,,politician,,
Q16215128,Mehmet Tillem,,Mehmet Tillem,Mehmet Tillem,Mehmet Tillem,,,,,,,,Mehmet Tillem,Mehmet Tillem,,male,1974-09-10,Mehmet,Mehmet Tillem,,,,,,,,,,,1537812,,Mehmet Tillem,,,,,,,,,,,,,,,,,,,,,,,,,,,,,,,,,,,,,,,,,,,,,,,,,,,,,,,,,,,,,,,,,,,,,,,,,,,,,politician,,
Q16239978,Zhenya Wang,,Zhenya Wang,Zhenya Wang,Zhenya Wang,,,,,,王振亞,,Zhenya Wang,Zhenya Wang,王振亞,male,1981-01-20,,Zhenya Wang,,,,,,,,,,,,,,,SenatorZWang,,王振亚,,,,,,,,,,,/m/0y4xptg,,,,,,,,,,,,,,,,,,,,,,,,,,,,,,,,,,,,,,,,,,,,,,,,,,,,,,,,,,,,,,civil engineer,,
Q1639334,Kim Carr,Kim Carr,Kim Carr,Kim Carr,Kim Carr,,,,,,金·卡爾,Kim Carr,Kim Carr,Kim Carr,金·卡爾,male,1955-07-02,Kim,Kim Carr,Kim Carr,Kim Carr,https://upload.wikimedia.org/wikipedia/commons/c/cd/080040_-_015_Sen_Kim_Carr_24_Jan_08.jpg,,,,,,,,,Kim Carr,,,,,,,,,,,,,,,,/m/03xnrb,,,,,,,,,,,,,,,,,,,,,,,,,,,,,,,,,,,,,,,,,,,,,,,,,,,,,,,,,,,,,,politician,,
Q166157,Brian Greig,Brian Greig,Brian Greig,Brian Greig,Brian Greig,Brian Greig,Brian Greig,Brian Greig,Brian Greig,"Грейг, Брайан Эндрю",,Brian Greig,Brian Greig,Brian Greig,,male,1966-02-22,Brian,Brian Greig,,,,,,,,,,,,Brian Greig,,,,,,,"Грейг, Брайан Эндрю",,,,,,,,,/m/03v5ql,,,,,,,,,,,,,,,,,,,,,,,,,,,,,,,,,,,,,,,,,,,,,,,,,,,,Брайан Ґрейґ,Брайан Ґрейґ,,,,,,,,,politician,,
Q16727734,Joe Bullock,,Joe Bullock,Joe Bullock,Joe Bullock,,,,,,喬·布羅克,,Joe Bullock,Joe Bullock,喬·布羅克,male,1955-04-13,Joe,Joe Bullock,,,,,,,,,,,1537778,,,,,,,,,,,,,,,,,,,,,,,,,,,,,,,,,,,,,,,,,,,,,,,,,,,,,,,,,,,,,,,,,,,,,,,,,,,,,,,politician,,
Q16731201,Jacqui Lambie,,Jacqui Lambie,Jacqui Lambie,Jacqui Lambie,,,,,,,,Jacqui Lambie,Jacqui Lambie,,female,1971-02-26,Jacqui,Jacqui Lambie,,,https://upload.wikimedia.org/wikipedia/commons/3/31/Memorial-unveilings-Burnie-20150331-001-crop.jpg,,,,,,,315535241,,,,http://senatorlambie.com.au/,,,,,,,,,,,,,,/m/0xpwrsl,,,,,,,,,,,,,,,,,,,,,,,,,,,,,,,,,,,,,,,,,,,,,,,,,,,,,,,,,,,,,,politician,,
Q16732210,Jenny McAllister,,Jenny McAllister,Jenny McAllister,Jenny McAllister,,,,,,,,Jenny McAllister,Jenny McAllister,,female,1973-07-04,Jenny,Jenny McAllister,,,,,,,,,,,,,,,jennymcallister,,,,,,,,,,,,,/m/0h54nzc,,,,,,,,,,,,,,,,,,,,,,,,,jennymcallisteralp,,,,,,,,,,,,,,,,,,,,,,,,,,,,,,,,,,,,,politician,,
Q16732314,James McGrath,,James McGrath,James McGrath,James McGrath,,,,,,詹姆士·麥克格拉斯,,James McGrath,James McGrath (Australian politician),詹姆士·麥克格拉斯,male,1974-05-14,James,James McGrath (Australian politician),,,https://upload.wikimedia.org/wikipedia/commons/0/01/Malcolm_Turnbull_at_the_Pentagon_2016_cropped.jpg,,,,,,,,,,,,,,,,,,,,,,,,,,,,,,,,,,,,,,,,,,,,,,,,,,,,,,,,,,,,,,,,,,,,,,,,,,,,,,,,,,,,,,,politician,,
Q16732967,Ricky Muir,,,Ricky Muir,,,,,,,里奇·繆爾,,Ricky Muir,Ricky Muir,里奇·繆爾,male,1980,Ricky,Ricky Muir,,,,,,,,,,,,,,,,,,,,,,,,,,,,,,,,,,,,,,,,,,,,,,,,,,,,,,,,,,,,,,,,,,,,,,,,,,,,,,,,,,,,,,,,,,,,
Q16735152,Linda Reynolds,,Linda Reynolds,Linda Reynolds,Linda Reynolds,,,,,,,,Linda Reynolds,Linda Reynolds,,female,1965-05-16,Linda,Linda Reynolds,,,,,,,,,,,,,,http://www.lindareynolds.com.au/,,,,,,,,,,,,,,/m/0y4n862,,,,,,,,,,,,,,,,,,,,,,,,,,,,,,,,,,,,,,,,,,,,,,,,,,,,,,,,,,,,,,politician,,
Q1699474,John Button,John Button,John Button,John Button,John Button,,,,,,,John Button,John Button,John Button,,male,1933-06-30,John,John Button,,,,,,,,,,59895189,570002,John Button,,,,,,,,,,0000 0000 6319 4683,n94039090,,,338550,,/m/05bmjb,,,,,,,,,,,,,,,,,,,,,,,John Button,John Button,,2008-04-08,,,,,,,,,,,,,,John Button,,,,119485079,,,,,,,,,,,,,,,,,,politician,,
Q17285485,Chris Ketter,,Chris Ketter,Chris Ketter,Chris Ketter,,,,,,克里斯·科特,,Chris Ketter,Chris Ketter,克里斯·科特,male,1961-02-12,Chris,Chris Ketter,,,,,,,,,,,,,,,,,,,,,,,,,,,,,,,,,,,,,,,,,,,,,,,,,,,,,,,,,,,,,,,,,,,,,,,,,,,,,,,,,,,,,,,,,,politician,,
Q1737400,Kay Patterson,Kay Patterson,Kay Patterson,Kay Patterson,Kay Patterson,Kay Patterson,Kay Patterson,Kay Patterson,Kay Patterson,,,Kay Patterson,Kay Patterson,Kay Patterson,,female,1944-11-21,Kay,Kay Patterson,,,https://upload.wikimedia.org/wikipedia/commons/f/fd/Kay_Patterson.JPG,,,,,,,305308153,,Kay Patterson,,,,,,,,,,,,,,,,/m/03sjfq,,,,,,,,,,,,,,,,,,,,,,,,,,,,,,,,,,,,,,,,,,,,,,,,,,,,,,,,,,,,,,politician,,
Q1813692,Mathias Cormann,Mathias Cormann,Mathias Cormann,Mathias Cormann,Mathias Cormann,Mathias Cormann,Mathias Cormann,Mathias Cormann,Mathias Cormann,,馬提亞斯·科爾曼,Mathias Cormann,Mathias Cormann,Mathias Cormann,馬提亞斯·科爾曼,male,1970-09-20,Mathias,Mathias Cormann,Mathias Cormann,Mathias Cormann,https://upload.wikimedia.org/wikipedia/commons/3/30/MathiasCormann.jpg,,,,,,Author:Mathias Cormann,,,,,,,Mathias Cormann,,,,,,,,,,,Mathias Cormann,/m/02q_wlk,,,,,,,,,,,,,,,,,,,,,,,,,,,,,,,,,,,,,,,,,,,,,,,,,,,,,,,,,,,,,,politician,,
Q186010,Richard Di Natale,Richard Di Natale,Richard Di Natale,Richard Di Natale,Richard Di Natale,Richard Di Natale,Richard Di Natale,Richard Di Natale,Richard Di Natale,,里察·迪納塔萊,Richard Di Natale,Richard Di Natale,Richard Di Natale,里察·迪納塔萊,male,1970-06-06,Richard,Richard Di Natale,,,,,,Category:Richard Di Natale,,,,,1537804,Richard Di Natale,,http://richard-di-natale.greensmps.org.au/,RichardDiNatale,Richard Di Natale,,,,,,,,,,,,/m/0266wf6,,,,,,,,,,,,,,,,,,,,,,,,,,,,,,,,,,,,,,,,,,,,,,,,,,,,,,,,,,,,,,politician,,
Q1872184,Louise Pratt,Louise Pratt,Louise Pratt,Louise Pratt,Louise Pratt,,,,,,,Louise Pratt,Louise Pratt,Louise Pratt,,female,1972-04-18,Louise,Louise Pratt,,,https://upload.wikimedia.org/wikipedia/commons/b/ba/Louise_Pratt_shark_rally_crop.png,,,,,,,305105021,,Louise Pratt,,,,,,,,,,,,,,,,,,,,,,,,,,,,,,,,,,,,,,,,,,,,,,,,,,,,,,,,,,,,,,,,,,,,,,,,,,,,,,politician,,
Q2074410,Peter Cook,Peter Cook,Peter Cook,Peter Cook,Peter Cook,Peter Cook,Peter Cook,Peter Cook,Peter Cook,Питер Кук,,Peter Cook,Peter Cook,Peter Cook (Australian politician),,male,1943-11-08,Peter,Peter Cook (Australian politician),Peter Cook,Peter Cook (polityk),https://upload.wikimedia.org/wikipedia/commons/a/a6/Peter_Francis_Salmon_Cook.jpg,,,,,,,60732369,,Peter Cook (Politiker),,,,,,,,,,0000 0000 5181 5331,n92001484,,,,,,,,,,,,,,,,,,,,,,,,,,,,,,,2005-12-03,,,,,,,,,,,,,,Peter Cook,,,,170720888,,,,,,,,,,,,,,,,,,politician,,
Q20983383,Joanna Lindgren,,Joanna Lindgren,,,,,,,,,,Joanna Lindgren,Joanna Lindgren,,female,1969-12-05,Joanna,Joanna Lindgren,,,,,,,,,,,,,,,,,,,,,,,,,,,,,,,,,,,,,,,,,,,,,,,,,,,,,,,,,,,,,,,,,,,,,,,,,,,,,,,,,,,,,,,,,,politician,,
Q21066567,Robert Simms,,Robert Simms,Robert Simms,,,,,,,羅伯特·西姆斯,,Robert Simms,Robert Simms (politician),羅伯特·西姆斯,male,1984-03-26,Robert,Robert Simms (politician),,,https://upload.wikimedia.org/wikipedia/commons/b/b1/Robert_Simms.jpg,,,,,,,,,,,http://robertsimms.com.au,,,,,,,,,,,,,,,,,,,,,,,,,,,,,,,,,,,,,,,,,,,,,,,,,,,,,,,,,,,,,,,,,,,,,,,,,,,,,,
Q2125232,Rachel Siewert,Rachel Siewert,Rachel Siewert,Rachel Siewert,Rachel Siewert,Rachel Siewert,Rachel Siewert,Rachel Siewert,Rachel Siewert,,,Rachel Siewert,Rachel Siewert,Rachel Siewert,,female,1961-11-04,Rachel,Rachel Siewert,,,https://upload.wikimedia.org/wikipedia/commons/3/31/Rachel_Siewert_profile.png,,,Category:Rachel Siewert,,,,93778979,,Rachel Siewert,,,,,,,,,,,,,,,,,,,,,,,,,,,,,,,,,,,,,,,,,,,,,,,,,,,,,,,,,,,,,,,,,,,,,,,,,,,,,,politician,,
Q2224379,Sarah Hanson-Young,Sarah Hanson-Young,Sarah Hanson-Young,Sarah Hanson-Young,Sarah Hanson-Young,,,,,,,,Sarah Hanson-Young,Sarah Hanson-Young,,female,1981-12-23,Sarah,Sarah Hanson-Young,,,https://upload.wikimedia.org/wikipedia/commons/e/e2/Sarah_Hanson-Young_Headshot.jpg,,,,,,,,,Sarah Hanson-Young,,,,,,,,,,,,,,,,,,,,,,,,,,,,,,,,,,,,,,,,,,,,,,,,,,,,,,,,,,,,,,,,,,,,,,,,,,,,,,,,
Q2260949,Scott Ludlam,Scott Ludlam,Scott Ludlam,Scott Ludlam,Scott Ludlam,,,,,"Ладлэм, Скотт",斯科特·勒德倫,,Scott Ludlam,Scott Ludlam,斯科特·勒德倫,male,1970-01-10,Scott,Scott Ludlam,,,https://upload.wikimedia.org/wikipedia/commons/b/bd/Scott_Ludlam_2011_(cropped).jpg,,,,,,,,1471504,Scott Ludlam,,,,,,,"Ладлэм, Скотт",nm6059828,,,,,,,,,,,,,,,,,,,,,,,,,,,,,,,,,,,,,,,,,,,,,,,,,,,,,,,,,,,,,,,,,,,,,,politician,,
Q2281649,Sid Spindler,Sid Spindler,Sid Spindler,Sid Spindler,Sid Spindler,,,,,,,,Sid Spindler,Sid Spindler,,male,1932-07-09,Sid,Sid Spindler,,,,,,,,,,91684965,482346,Sid Spindler,,,,,,,,,,,,,,,,,,,,,,,,,,,,,,,,,,,,,,,,,,2008-03-01,,,,,,,,,,,,,,Sid Spindler,,,,,,,,,,,,,,,,,,,,,,,,
Q23016290,James Paterson,,James Paterson,James Paterson,,,,,,,,,James Paterson,James Paterson (Australian politician),,male,1987-11-21,James,James Paterson (Australian politician),,,,Paterson,,,,,,,,,,,SenPaterson,,,,,,,,,,,,,,,,,,,,,,,,,,,,,,,,,,,,,,,,,,,,,,,,,,,,,,,,,,,,,,,,,,,,,,,,,,,politician,,/g/11cm0449my
Q2344980,Stephen Conroy,Stephen Conroy,Stephen Conroy,Stephen Conroy,Stephen Michael Conroy,Stephen Conroy,Stephen Conroy,Stephen Conroy,Stephen Conroy,,斯蒂芬·康洛伊,Stephen Conroy,Stephen Conroy,Stephen Conroy,斯蒂芬·康洛伊,male,1963-01-18,Stephen,Stephen Conroy,Stephen Conroy,Stephen Conroy,https://upload.wikimedia.org/wikipedia/commons/b/b8/StephenConroy.jpg,,,,,,,,,Stephen Michael Conroy,,,,,史蒂芬·康羅伊,史蒂芬·康罗伊,,,,,,,,,,/m/03xnyc,,,,,,,,,,,,,,,,,,,,,,,,,,,,,,,,,,,,,,,,,,,,,,,,,,,,,,,,,,,,,,politician,,
Q24598,Bob Brown,Bob Brown,Bob Brown,Bob Brown,Bob Brown,Bob Brown,Bob Brown,Bob Brown,Bob Brown,"Браун, Роберт Джеймс",鮑伯·布朗,Bob Brown,Bob Brown,Bob Brown,鮑伯·布朗,male,1944-12-27,Bob,Bob Brown,Bob Brown,Bob Brown,https://upload.wikimedia.org/wikipedia/commons/c/c3/BobBrown3.png,Brown,,Bob Brown,,,,72558568,,"Bob Brown (Politiker, 1944)",Bob Brown,,,Bob Brown (homme politique australien),,,"Браун, Роберт Джеймс",,Μπομπ Μπράουν,0000 0000 8152 886X,n84084102,,,130282,,/m/01yx5t,,,,,Bob Brown (politico),,,بوب بروان,بوب بروان,Bob Brown,باب براون,,Bob Brown,Bob Brown,,,,,밥 브라운,,,,Bob Brown,Bob Brown,,,Robertus Iacobus Brown,ボブ・ブラウン,Bob Brown,Bob Brown,Bob Brown,Bob Brown,ボブ・ブラウン,Robertus Iacobus Brown,Bob Brown,Bob Brown,75523026-f144-4380-8b1a-46a4484e07c7,,,,,,,,,,,,,,,,,,,,,,Bob Brown,,Bob Brown,politician,,
Q3108804,Glenn Lazarus,Glenn Lazarus,Glenn Lazarus,Glenn Lazarus,Glenn Lazarus,,,,,,格倫·拉扎勒斯,,Glenn Lazarus,Glenn Lazarus,格倫·拉扎勒斯,male,1965-12-11,Glenn,Glenn Lazarus,,,https://upload.wikimedia.org/wikipedia/commons/1/1b/Glenn_Lazarus.jpg,,,,,,,,,,,,,Glenn Lazarus,,,,,,,,,,,,,,,,,,,,,,,,,,,,,,,,,,,,,,,,,,,,,,,,,,,,,,,,,,,,,,,,,,,,,,,,,,rugby league player,,
Q3182215,John Olsen,John Olsen,John Olsen,John Olsen,John Olsen,,,,,,,John Olsen,John Olsen,John Olsen,,male,1945-06-07,John,John Olsen,,,https://upload.wikimedia.org/wikipedia/commons/5/5d/John_Olsen_(1).jpg,,,,,,,94143981,,,,,,John Olsen,John Olsen,,,,,,,,,,,,,,,,,,,,,,,,,,,,,,,,,,,,,,,,,,,,,,,,,,,,,,,,,,,,,,,,,,,,,,,,,diplomat,,
Q3339775,Nick Minchin,Nick Minchin,Nick Minchin,Nick Minchin,Nick Minchin,,,,,,,,Nick Minchin,Nick Minchin,,male,1953-04-15,Nick,Nick Minchin,,,https://upload.wikimedia.org/wikipedia/commons/1/16/Nick_Minchin.jpg,,,,,Nick Minchin,,94995551,1309675,,,,,Nick Minchin,,,,,,,,,,,,,,,,,,,,,,,,,,,,,,,,,,,,,,,,,,,,,,,,,,,,,,,,,,,,,,,,,,,,,,,,,,politician,,
Q3566032,Nova Peris,Nova Peris,Nova Peris,Nova Peris,Nova Peris,Nova Peris,Nova Peris,Nova Peris,Nova Peris-Kneebone,,,Nova Peris,Nova Peris,Nova Peris,,female,1971-02-25,,Nova Peris,Nova Peris-Kneebone,Nova Peris-Kneebone,,,,,,,,78293469,,Nova Peris,Nova Peris,,,Nova Peris,,,,nm2205814,,,,,,1585902,,/m/03wn4q,,,,,Nova Peris,Nova Peris,130374,,,,,,,,,,,,,,,,,,,,,,,,,,,,,,,,,,,,,,,,,,,,,,,,,,,,,,,field hockey player,,
Q3641283,Bob Collins,Bob Collins,Bob Collins,Bob Collins,Bob Collins,Bob Collins,Bob Collins,Bob Collins,Bob Collins,Боб Коллинз,,Bob Collins,Bob Collins,Bob Collins (politician),,male,1946-02-08,Bob,Bob Collins (Australian politician),,,,Collins,,,,,,92866947,,,Bob Collins,,,,,,,,,,,,,,,,,,,,Bob Collins,,,,,,,,,,,,,,,,,,,,,2007-09-20,,,,,,,,,,,,,,Bob Collins,,,,,,,,,,,,,,,,,,,,,,politician,,
Q379072,Judith Adams,Judith Adams,Judith Adams,Judith Adams,Judith Adams,,,,,Джудит Адамс,,,Judith Adams,Judith Adams,,female,1943-04-11,Judith,Judith Adams,Judith Adams,Judith Adams,,,,,,,,,,,Judith Adams,,,,,,,,,,,,,,,,,,,,,,,,,,,,,,,,,,,,,,,,,2012-03-31,,,,,,,,,,,,,,,,,,,,,,,,,,,,,,,,,,,,midwife,,
Q381902,Gareth Evans,Gareth Evans,Gareth Evans,Gareth Evans,Gareth Evans,Gareth Evans,Gareth Evans,Gareth Evans,Gareth Evans,,校監,Gareth Evans,Gareth Evans,Gareth Evans (politician),,male,1944-09-05,Gareth,Gareth Evans (politician),,,https://upload.wikimedia.org/wikipedia/commons/b/bf/Gareth_Evans_University_of_Melbourne.jpg,,,,,,,109000124,,Gareth Evans,,,,Gareth John Evans,,,,nm0262768,,,n78006888,033387028,,22137,Gareth Evans (politicus),/m/0396q7,,,,,,,,,,,,,,,,,,,,Gareth Evans,Gareth Evans (politikus),,,,,,,ギャレス・エバンス,,,,,,,,,,,,,12425793h,,,123911478,,,,314939296,00000020234,garethevans,,,,,,,,,,,,politician,,
Q4354299,Cory Bernardi,Cory Bernardi,Cory Bernardi,Cory Bernardi,Cory Bernardi,,,,,,科里·伯爾納迪,Cory Bernardi,Cory Bernardi,Cory Bernardi,科里·伯爾納迪,male,1969-11-06,Cory,Cory Bernardi,Cory Bernardi,Cory Bernardi,https://upload.wikimedia.org/wikipedia/commons/3/35/Cory_Bernardi_crop.jpg,,,Category:Cory Bernardi,,,,,,,,,,,,,,,,,,,,,,,,,,,,,,,,,,,,,,,,,,,,,Cory Bernardi,Cory Bernardi,,,,,,,,,,,,,,,,,,,,,,,,,,,,,,,,Cory Bernardi,Cory Bernardi,,,,,politician,,
Q454233,Amanda Vanstone,Amanda Vanstone,Amanda Vanstone,Amanda Vanstone,Amanda Vanstone,Amanda Vanstone,Amanda Vanstone,Amanda Vanstone,Amanda Vanstone,,阿曼达·范斯通,,Amanda Vanstone,Amanda Vanstone,阿曼达·范斯通,female,1952-12-07,Amanda,Amanda Vanstone,Amanda Vanstone,Amanda Vanstone,https://upload.wikimedia.org/wikipedia/commons/b/bd/Amanda_Vanstone_(2).jpeg,,,Category:Amanda Vanstone,,,,93251661,,Amanda Vanstone,Amanda Vanstone,,,,,,,,,,,,35738546,,,,,,,,Amanda Vanstone,,,,,,,,,,,,,,,,,,,,,,,アマンダ・ヴァンストン,,,,,,,,,,,,,,,,,,,,,,,,,,,,,,,,,,diplomat,,
Q456759,Penny Wong,Penny Wong,Penny Wong,Penny Wong,Penny Wong,,,,,,黄英贤,Penny Wong,Penny Wong,Penny Wong,黄英贤,female,1968-11-05,Penny,Penny Wong,Penny Wong,Penny Wong,https://upload.wikimedia.org/wikipedia/commons/c/cb/PennyWongCrop.jpg,,,,,,,,,Penny Wong,,http://www.pennywong.com.au/,SenatorWong,Penny Wong,黃英賢,黄英贤,,,,,,,,,,/m/03tfhc,,,,,,,,,,Penny Wong,,,,,黄英贤,黃英賢,黄英贤,黃英賢,페니 웡,Penny Wong,Penny Wong,페니 웡,,,,,,ペニー・ウォン,,,,,,,,,,,,,,,,,,,,,,,,,,,,,,,,,,politician,,
Q463507,Katy Gallagher,Katy Gallagher,Katy Gallagher,Katy Gallagher,Katy Gallagher,Katy Gallagher,Katy Gallagher,Katy Gallagher,Katy Gallagher,Кэти Галлахер,,Katy Gallagher,Katy Gallagher,Katy Gallagher,,female,1970-03-17,Katy,Katy Gallagher,Katy Gallagher,Katy Gallagher,https://upload.wikimedia.org/wikipedia/commons/9/98/Katy_Gallagher.jpg,,,,,,,,738073,Katy Gallagher,,http://www.katygallagher.net/,SenKatyG,Katy Gallagher,,,,,,,,,,,,/m/0545sv,Gallaher Keti,Gallaher Keti,,,,,,كاتي غالاغر,كاتي غالاغر,,,,,,,,,,,,,,,,,,,ケイティ・キャラガー,,,,,,,,,,,,,,,,,,,,,,,,,,,,,,,,,,politician,,
Q466003,John Faulkner,John Faulkner,John Faulkner,John Faulkner,John Faulkner,,,,,,約翰·福克納,John Faulkner,John Faulkner,John Faulkner,約翰·福克納,male,1954-04-12,John,John Faulkner,John Faulkner,John Faulkner,https://upload.wikimedia.org/wikipedia/commons/5/5e/John_Faulkner_Jan_2010.jpg,,,,,,,7051694,,John Faulkner,,,,John Faulkner,,,,,,,no2002004179,,,,,/m/04mw8y,,,,,,,,,,,,,,,,,,,,,,,,,,,,,,,,,,,,,,,,,,,,,,,,,,,,,,,,,,,,,,politician,,
Q466583,Chris Evans,Chris Evans,Chris Evans,Chris Evans,Christopher Evans,Chris Evans,Chris Evans,Chris Evans,Chris Evans,Крис Эванс,,Chris Evans,Chris Evans,Chris Evans (Australian politician),,male,1958-05-14,Christopher,Chris Evans (Australian politician),Chris Evans,Chris Evans (polityk),,,,,,,,,,Christopher Evans (Politiker),,,,Chris Evans (homme politique australien),,,,,,,,,,,,/m/06mhpx,,,,,,,,,,,,,,,,,,,,,,,,,,,,クリス・エバンス,,,,,,,,,,,,,,,,,,,,,,,,,,,,,,,,,,politician,,
Q4682174,Aden Ridgeway,Aden Ridgeway,Aden Ridgeway,Aden Ridgeway,Aden Ridgeway,,,,,,,,Aden Ridgeway,Aden Ridgeway,,male,1962-09-18,,Aden Ridgeway,,,,,,,,,,295038101,,,,,,,,,,,,,,,,,,,,,,,,,,,,,,,,,,,,,,,,,,,,,,,,,,,,,,,,,,,,,,,,,,,,,,,,,,,,,,,,,,
Q4706579,Alan Eggleston,Alan Eggleston,Alan Eggleston,Alan Eggleston,Alan Eggleston,,,,,,,Alan Eggleston,Alan Eggleston,Alan Eggleston,,male,1941-12-30,Alan,Alan Eggleston,,,https://upload.wikimedia.org/wikipedia/commons/b/b0/Alan_Eggleston.JPG,,,,,,,,,,Alan Eggleston,,,,,,,,,,,,,,,,,,,,,,,,,,,,,,,,,,,,,,,,,,,,,,,,,,,,,,,,,,,,,,,,,,,,,,,,,,,,,politician,,
Q4706609,Alan Ferguson,Alan Ferguson,Alan Ferguson,Alan Ferguson,Alan Ferguson,Alan Ferguson,Alan Ferguson,Alan Ferguson,Alan Ferguson,Алан Фергюсон,,Alan Ferguson,Alan Ferguson,Alan Ferguson,,male,1943-09-16,Alan,Alan Ferguson,,,,,,,,,,,,,Alan Ferguson,,,,,,"Фергюсон, Алан",,,,,,,,,,,,,,,,,,,,,,,,,,,,,,,,,,,,,,,,,,,,,,,,,,,,,,,,,,,,,,,,,,,,,,,politician,,
Q4717023,Alex Gallacher,,Alex Gallacher,Alex Gallacher,Alex Gallacher,,,,,,亞歷山大·加拉徹,,Alex Gallacher,Alex Gallacher,亞歷山大·加拉徹,male,1954-01-01,Alex,Alex Gallacher,,,,,,,,,,,,,,,,,,,,,,,,,,,,,,,,,,,,,,,,,,,,,,,,,,,,,,,,,,,,,,,,,,,,,,,,,,,,,,,,,,,,,,,,,,politician,,
Q475045,Helen Coonan,Helen Coonan,Helen Coonan,Helen Coonan,Helen Coonan,Helen Coonan,Helen Coonan,Helen Coonan,Helen Coonan,,海倫·庫南,Helen Coonan,Helen Coonan,Helen Coonan,海倫·庫南,female,1947-10-29,Helen,Helen Coonan,Helen Coonan,Helen Coonan,https://upload.wikimedia.org/wikipedia/commons/9/97/Helen_Coonan.jpg,,,,,,,,,Helen Coonan,,,,,,,,,,,,,,,,/m/04gqfx,,,,,,,,,,,,,,,,,,,,,,,,,,,,,,,,,,,,,,,,,,,,,,,,,,,,,,,,,,,,,,politician,,
Q4758092,Andrew Murray,Andrew Murray,Andrew Murray,Andrew Murray,Andrew Murray,,,,,,,,Andrew Murray,Andrew Murray (Australian politician),,male,1947-01-29,Andrew,Andrew Murray (Australian politician),,,,,,,,,,92992012,,,,,,,,,,,,,,,,,,,,,,,,,,,,,,,,,,,,,,,,,,,,,,,,,,,,,,,,,,,,,,,,,,,,,,,,,,,,,,,,,,
Q4768636,Anne McEwen,Anne McEwen,Anne McEwen,Anne McEwen,Anne McEwen,,,,,,,Anne McEwen,Anne McEwen,Anne McEwen (politician),,female,1954-08-03,Anne,Anne McEwen (politician),,,https://upload.wikimedia.org/wikipedia/commons/9/99/Senator_Anne_McEwen_2008.JPG,,,,,,,,,,,,,,,,,,,,,,,,,,,,,,,,,,,,,,,,,,,,,,,,,,,,,,,,,,,,,,,,,,,,,,,,,,,,,,,,,,,,,,,politician,,
Q4768766,Anne Ruston,,Anne Ruston,Anne Ruston,Anne Ruston,,,,,,,,Anne Ruston,Anne Ruston,,female,1963-06-10,Anne,Anne Ruston,,,,,,,,,,,,,Anne Ruston,,,,,,,,,,,,,,,,,,,,,,,,,,,,,,,,,,,,,,,,,,,,,,,,,,,,,,,,,,,,,,,,,,,,,,,,,,,,,politician,,
Q4768857,Anne Urquhart,,Anne Urquhart,Anne Urquhart,Anne Urquhart,,,,,,,,Anne Urquhart,Anne Urquhart,,female,1957-10-18,Anne,Anne Urquhart,,,,,,,,,,,1476828,,Anne Urquhart,,,,,,,,,,,,,,,,,,,,,,,آن أوركهارت,آن أوركهارت,,,,,,,,,,,,,,,,,,,,,,,,,,,,,,,,,,,,,,,,,,,,,,,,,,,,,politician,,
Q4769080,Annette Hurley,Annette Hurley,Annette Hurley,Annette Hurley,Annette Hurley,,,,,,,Annette Hurley,Annette Hurley,Annette Hurley,,female,1955-03-23,Annette,Annette Hurley,,,,,,,,,,,,,,,,,,,,,,,,,,,,,,,,,,,,,,,,,,,,,,,,,,,,,,,,,,,,,,,,,,,,,,,,,,,,,,,,,,,,,,,,,,politician,,
Q4798812,Arthur Gietzelt,Arthur Gietzelt,Arthur Gietzelt,Arthur Gietzelt,Arthur Gietzelt,,,,,Артур Гицелт,,Arthur Gietzelt,Arthur Gietzelt,Arthur Gietzelt,,male,1920-12-28,Arthur,Arthur Gietzelt,,,,,,,,,,91408918,,,,,,,,,"Гицелт, Артур",,,,,,35071061,,,,,,,,,,,,,,,,,,,,,,,,,,,,,2014-01-05,,,,,,,,,,,,,,Arthur Gietzelt,,,,,,,,,,,,,,,,,,,,,,politician,,
Q4800293,Arthur Sinodinos,,Arthur Sinodinos,Arthur Sinodinos,Arthur Sinodinos,,,,,,亞瑟·斯諾蒂諾斯,,Arthur Sinodinos,Arthur Sinodinos,亞瑟·斯諾蒂諾斯,male,1957-02-25,Arthur,Arthur Sinodinos,Arthur Sinodinos,Arthur Sinodinos,https://upload.wikimedia.org/wikipedia/commons/e/ea/Arthur_Sinodinos.jpg,,,,,,,,1537761,,Arthur Sinodinos,,,,,,,,,,,,,,,,,,,,,,,,,,,,,,,,,,,,,,,,,,,,,,,,,,,,,,,,,,,,,,,,,,,,,,,,,,,,,politician,,
Q4823172,Austin Lewis,,Austin Lewis,Austin Lewis,Austin Lewis,,,,,,,,Austin Lewis,Austin Lewis (politician),,male,1932-12-05,Austin,Austin Lewis (politician),,,,,,,,,,,,,,,,,,,,,,,,,,,,,,,,,,,,,,,,,,,,,,,,,,,,,,,,,,,,,,,,,,,,,,,,,,,,,,,,,,,,,,,,,,politician,,
Q4840767,Baden Teague,Baden Teague,Baden Teague,Baden Teague,Baden Teague,Baden Teague,Baden Teague,Baden Teague,Baden Teague,,,,Baden Teague,Baden Teague,,male,1944-09-18,,Baden Teague,,,,,,,,,,91898862,882278,,Baden Teague,,,,,,,,,,,,,,,,,,,,,,,,,,,,,,,,,,,,,,,,,,,,,,,,,,,,,,,,,,,,,,,,,,,,,,,,,,,,,,,
Q4861362,Barnaby Joyce,Barnaby Joyce,Barnaby Joyce,Barnaby Joyce,Barnaby Joyce,,,,,,巴納比·喬伊斯,Barnaby Joyce,Barnaby Joyce,Barnaby Joyce,巴納比·喬伊斯,male,1967-04-17,,Barnaby Joyce,Barnaby Joyce,Barnaby Joyce,https://upload.wikimedia.org/wikipedia/commons/9/96/Senator_Barnaby_Joyce.jpg,,,Category:Barnaby Joyce,,,,,,,,,,Barnaby Joyce,,,,,,,,,,,,,,,,,,,,,,,,,,,,,,,바너비 조이스,,,바너비 조이스,,,,,,,,,,,,,,,,,,,,,,,,,,,,,,Барнабі Джойс,Барнабі Джойс,,,,,,,,,politician,,
Q4861711,Barney Cooney,,Barney Cooney,Barney Cooney,Barney Cooney,,,,,,,,Barney Cooney,Barney Cooney,,male,1934-07-11,Barney,Barney Cooney,,,,,,,,,,92342778,,,,,,,,,,,,,,,,,,,,,,,,,,,,,,,,,,,,,,,,,,,,,,,,,,,,,,,,,,,,,,,,,,,,,,,,,,,,,,,,politician,,
Q4882896,Belinda Neal,Belinda Neal,Belinda Neal,Belinda Neal,Belinda Neal,,,,,,,Belinda Neal,Belinda Neal,Belinda Neal,,female,1963-01-10,Belinda,Belinda Neal,,,,,,,,,,,,,Belinda Neal,,,,,,,,,,,,,,,,,,,,,,,,,,,,,,,,,,,,,,,,,,,,,,,,,,,,,,,,,,,,,,,,,,,,,,,,,,,,,politician,,
Q4909373,Bill Heffernan,Bill Heffernan,Bill Heffernan,Bill Heffernan,Bill Heffernan,,,,,,,,Bill Heffernan,Bill Heffernan,,male,1943-03-03,Bill,Bill Heffernan,,,https://upload.wikimedia.org/wikipedia/commons/6/65/Senator_Bill_Heffernan.jpg,,,,,,,94985805,,,Bill Heffernan,,,,,,,,,,,,,,,,,,,,,,,,,,,,,,,,,,,,,,,,,,,,,,,,,,,,,,,,,,,,,,,,,,,,,,,,,,,,,,,
Q4910376,Bill O'Chee,,Bill O'Chee,Bill O'Chee,Bill O'Chee,,,,,,阿志,,Bill O'Chee,Bill O'Chee,阿志,male,1965-06-19,Bill,Bill O'Chee,,,,,,,,,,92787442,,,,,,,,,,,,,,,,,,,,,,,,,,,,,,,,,,,,,,,,,,,,,,,,,Bill O'Chee,,,,,,,,,,,,,,Bill O'Chee,Bill O'Chee,Bill O'Chee,,,,,,,,,,,,,,,banker,,
Q4932238,Bob Day,,Bob Day,Bob Day,Bob Day,,,,,,鮑勃·戴伊,,Bob Day,Bob Day,鮑勃·戴伊,male,1952-07-05,Bob,Bob Day,,,,Day,,,,,,,,,,,,,,,,,,,,,,,,,,,,,,,,,,,,,,,,,,,,,,,,,,,,,,,,,,,,,,,,,,,,,,,,,,,,,,,,,,,,,,politician,,
Q4933373,Bob McMullan,Bob McMullan,Bob McMullan,Bob McMullan,Bob McMullan,,,,,,,Bob McMullan,Bob McMullan,Bob McMullan,,male,1947-12-10,Bob,Bob McMullan,,,https://upload.wikimedia.org/wikipedia/commons/4/43/Bob_McMullan.jpg,,,Category:Bob McMullan,,,,92358472,,,Bob McMullan,,,,,,,,,,,,,,,,,,,,,,,,,,,,,,,,,,,,,,,,,,,,,,,,,,,,,,,,,,,,,,,,,,,,,,,,,,,,,politician,,
Q4934454,Bob Woods,,Bob Woods,Bob Woods,Bob Woods,,,,,,,,Bob Woods,Bob Woods,,male,1947-04-13,Bob,Bob Woods,,,,,,,,,,92727849,,,,,,,,,,,,,,,,,,,,,,,,,,,,,,,,,,,,,,,,,,,,,,,,,,,,,,,,,,,,,,,,,,,,,,,,,,,,,,,,politician,,
Q4960680,Brenda Gibbs,Brenda Gibbs,Brenda Gibbs,Brenda Gibbs,Brenda Gibbs,,,,,,,Brenda Gibbs,Brenda Gibbs,Brenda Gibbs,,female,1947-09-03,Brenda,Brenda Gibbs,,,,,,,,,,,,,Brenda Gibbs,,,,,,,,,,,,,,,,,,,,,,,,,,,,,,,,,,,,,,,,,,,,,,,,,,,,,,,,,,,,,,,,,,,,,,,,,,,,,politician,,
Q4962278,Brett Mason,Brett Mason,Brett Mason,Brett Mason,Brett Mason,,,,,,布雷特·馬森,,Brett Mason,Brett Mason,布雷特·馬森,male,1962-03-15,Brett,Brett Mason,,,https://upload.wikimedia.org/wikipedia/commons/1/1f/Brett_Mason.jpg,,,,,,,,,,Brett Mason,,,,,,,,,,,,,,,,,,,,,,,,,,,,,,,,,,,,,,,,,,,,,,,,,,,,,,,,,,,,,,,,,,,,,,,,,,,,,,,
Q4962990,Brian Archer,Brian Archer,Brian Archer,Brian Archer,Brian Archer,,,,,,,Brian Archer,Brian Archer,Brian Archer,,male,1929-08-21,Brian,Brian Archer,,,,,,,,,,,,,Brian Archer,,,,,,,,,,,,,,,,,,,,,,,,,,,,,,,,,,,,,,,,,2013-03-10,,,,,,,,,,,,,,Brian Archer,,,,,,,,,,,,,,,,,,,,,,politician,,
Q4963837,Brian Gibson,,Brian Gibson,Brian Gibson,Brian Gibson,,,,,Брайан Гибсон,,,Brian Gibson,Brian Gibson (politician),,male,1936-11-04,Brian,Brian Gibson (Australian politician),,,,,,,,,,,,,,,,,,,,,,,,,,,,,,,,,,,,,,,,,,,,,,,,,,,,,,,,,,,,,,,,,,,,,,,,,,,,,,,,,,,,,,,,,,,,
Q4966734,Bridget McKenzie,,Bridget McKenzie,Bridget McKenzie,Bridget McKenzie,,,,,,,,Bridget McKenzie,Bridget McKenzie,,female,1969-12-27,Bridget,Bridget McKenzie,,,https://upload.wikimedia.org/wikipedia/commons/7/71/Bridget_McKenzie.jpg,,,,,,,,,,,,,,,,,,,,,,,,,,,,,,,,,,,,,,,,,,,,,,,,,,,,,,,,,,,,,,,,,,,,,,,,,,,,,,,,,,,,,,,politician,,
Q4974135,Bronwyn Bishop,Bronwyn Bishop,Bronwyn Bishop,Bronwyn Bishop,Bronwyn Bishop,,,,,,布朗雯·毕晓普,Bronwyn Bishop,Bronwyn Bishop,Bronwyn Bishop,布朗雯·毕晓普,female,1942-10-19,Bronwyn,Bronwyn Bishop,,,https://upload.wikimedia.org/wikipedia/commons/b/b7/Bronwyn_Bishop_-_Flickr_-_Eva_Rinaldi_Celebrity_and_Live_Music_Photographer_(1).jpg,,,,,,,69741847,482803,Bronwyn Bishop,,,,Bronwyn Bishop,,,,,,0000 0001 1493 2181,n95083353,,35181587,361047,,,,,,,,,,,,,,,,,,,,,,,,,,,,,,ブロンウィン・ビショップ,,,Bronwyn Bishop,,,,,,,,,,,,,119557258,,,,,,,,,,,,,,,,,,politician,Setright-7,
Q4977265,Bruce Childs,,Bruce Childs,Bruce Childs,Bruce Childs,,,,,,,,Bruce Childs,Bruce Childs,,male,1934-08-23,Bruce,Bruce Childs,,,,,,,,,,93690146,579699,,Bruce Childs,,,,,,,,,,,,,,,,,,,,,,,,,,,,,,,,,,,,,,,,,,,,,,,,,,,,,,,,,,,,,,,,,,,,,,,,,,,,,politician,,
Q5044273,Carol Brown,Carol Brown,Carol Brown,Carol Brown,Carol Brown,,,,,,,Carol Brown,Carol Brown,Carol Brown (politician),,female,1963-07-19,Carol,Carol Brown (politician),,,,Brown,,,,,,,,,,,,,,,,,,,,,,,,,,,,,,,,,,,,,,,,,,,,,,,,,,,,,,,,,,,,,,,,,,,,,,,,,,,,,,,,,,,,,,politician,,
Q5053981,Catryna Bilyk,,Catryna Bilyk,Catryna Bilyk,Catryna Bilyk,,,,,,,,Catryna Bilyk,Catryna Bilyk,,female,1959-02-07,,Catryna Bilyk,,,,,,,,,,,783304,,,,,,,,,,,,,,,,,,,,,,,,,,,,,,,,,,,,,,,,,,,,,,,,,,,,,,,,,,,,,,,,,,,,,,,,,,,,,,,politician,,
Q5105780,Chris Back,Chris Back,Chris Back,Chris Back,Chris Back,,,,,,克里斯·拜克,Chris Back,Chris Back,Chris Back,克里斯·拜克,male,1950-02-11,Chris,Chris Back,,,https://upload.wikimedia.org/wikipedia/commons/4/4b/Senator_Dr_Chris_Back.jpg,,,,,,,,,,,,,,,,,,,,,,,,,,,,,,,,,,,,,,,,,,,,,,,,,,,,,,,,,,,,,,,,,,,,,,,,,,,,,,,,,,,,,,,politician,,
Q5106492,Chris Ellison,Chris Ellison,Chris Ellison,Chris Ellison,Chris Ellison,,,,,,,,Chris Ellison,Chris Ellison,,male,1954-06-15,Chris,Chris Ellison,,,,,,,,,,92291066,,,Chris Ellison,,,,,,,,,,,,,,,,,,,,,,,,,,,,,,,,,,,,,,,,,,,,,,,,,,,,,,,,,,,,,,,,,,,,,,,,,,,,,lawyer,,
Q5107814,Chris Puplick,Chris Puplick,,Chris Puplick,Chris Puplick,,,,,,,,Chris Puplick,Chris Puplick,,male,1948-05-13,Chris,Chris Puplick,,,,,,,,,,18528385,,,,,,,,,,,,,,,,,,,,,,,,,,,,,,,,,,,,,,,,,,,,,,,,,,,,,,,,,,,,,,,,,,,,,,,,,,,,,,,,,,
Q5107992,Chris Schacht,Chris Schacht,Chris Schacht,Chris Schacht,Chris Schacht,Chris Schacht,Chris Schacht,Chris Schacht,Chris Schacht,,,Chris Schacht,Chris Schacht,Chris Schacht,,male,1946-12-06,Chris,Chris Schacht,,,,,,,,,,94133899,,,Chris Schacht,,,,,,,,,,,,,,,,,,,,,,,,,,,,,,,,,,,,,,,,,,,,,,,,,,,,,,,,,,,,,,,,,,,,,,,,,,,,,politician,,
Q5109041,Christabel Chamarette,Christabel Chamarette,Christabel Chamarette,Christabel Chamarette,Christabel Chamarette,,,,,,,,Christabel Chamarette,Christabel Chamarette,,female,1948-05-01,,Christabel Chamarette,,,https://upload.wikimedia.org/wikipedia/commons/b/b8/Christabel_Chamarette.jpg,,,,,,,,,,Christabel Chamarette,,,,,,,,,,,,,,,,,,,,,,,,,,,,,,,,,,,,,,,,,,,,,,,,,,,,,,,,,,,,,,,,,,,,,,,,,,,,,,,
Q5125267,Claire Moore,Claire Moore,Claire Moore,Claire Moore,Claire Moore,Claire Moore,Claire Moore,Claire Moore,Claire Moore,,,Claire Moore,Claire Moore,Claire Moore,,female,1956-02-19,Claire,Claire Moore,,,https://upload.wikimedia.org/wikipedia/commons/0/05/March_in_May_2014_Claire_Moore.webm,Moore,,,,,,,,,Claire Moore,http://www.clairemoore.net/,senclairemoore,,,,,,,,,,,,,/m/07_2gf,,,,,,,,,,,,,,,,,,,,,,,,,SenatorClaireMoore,,,,,,,,,,,,,,,,,,,,,,,,,,,,,,,,,,,,,politician,,
Q5158602,Concetta Fierravanti-Wells,Concetta Fierravanti-Wells,Concetta Fierravanti-Wells,Concetta Fierravanti-Wells,,,,,,,,,Concetta Fierravanti-Wells,Concetta Fierravanti-Wells,,female,1960-05-20,Concetta,Concetta Fierravanti-Wells,,,https://upload.wikimedia.org/wikipedia/commons/9/93/Concetta_Fierravanti-Wells.jpg,,,,,,,,,,,,,,,,,,,,,,,,,,,,,,,,,,,,,,,,,,,,,,,,,,,,,,,,,,,,,,,,,,,,,,,,,,,,,,,,,,,,,,,,,
Q5214871,Dana Wortley,Dana Wortley,Dana Wortley,Dana Wortley,Dana Wortley,,,,,,,Dana Wortley,Dana Wortley,Dana Wortley,,female,1959,Dana,Dana Wortley,,,,,,,,,,,,,,,,,,,,,,,,,,,,,,,,,,,,,,,,,,,,,,,,,,,,,,,,,,,,,,,,,,,,,,,,,,,,,,,,,,,,,,,,,,politician,,
Q5231827,David Brownhill,,David Brownhill,David Brownhill,David Brownhill,,,,,,,,David Brownhill,David Brownhill,,male,1935-11-16,David,David Brownhill,,,,,,,,,,,,,,,,,,,,,,,,,,,,,,,,,,,,,,,,,,,,,,,,,,,,,,,,,,,,,,,,,,,,,,,,,,,,,,,,,,,,,,,,,,,,
Q5231953,David Bushby,David Bushby,David Bushby,David Bushby,David Bushby,,,,,,大衛·布什比,David Bushby,David Bushby,David Bushby,大衛·布什比,male,1965-07-17,David,David Bushby,,,https://upload.wikimedia.org/wikipedia/commons/3/31/Senator_David_Bushby.jpg,,,Category:David Bushby,,,,,,,,,,,,,,,,,,,,,,,,,,,,,,,,,,,,,,,,,,,,,,,,,,,,,,,,,,,,,,,,,,,,,,,,,,,,,,,,,,,,politician,,
Q5233587,David Fawcett,David Fawcett,David Fawcett,David Fawcett,David Fawcett,David Fawcett,David Fawcett,David Fawcett,David Fawcett,Дэвид Фоусет,大衛·福賽特,David Fawcett,David Fawcett,David Fawcett,大衛·福賽特,male,1963-10-23,David,David Fawcett,,,,,,,,,,,,,,,,,,,,,,,,,,,,,,,,,,,,,,,,,,,,,,,,,,,,,,,,,,,,,,,,,,,,,,,,,,,,,,,,,,,,,,,,,,politician,,
Q5234667,David Hamer,,David Hamer,David Hamer,David Hamer,,,,,,,,David Hamer,David Hamer,,male,1923-09-05,David,David Hamer,,,https://upload.wikimedia.org/wikipedia/commons/a/a2/David_Hamer.jpg,,,,,,,60804233,,,David Hamer,,,,,,,,,0000 0000 7410 3492,,,,,,,,,,,,,,,,,,,,,,,,,,,,,,,,2002-01-14,,,,,,,,,,,,,,,,,,,,,,189622040,,,,,,,,,,,,,,politician,,
Q5235713,David Johnston,David Johnston,David Johnston,David Johnston,David Johnston,,,,,,大衛·約翰斯通,David Johnston,David Johnston,David Johnston (politician),大衛·約翰斯通,male,1956-02-14,David,David Johnston (politician),David Johnston,David Johnston,https://upload.wikimedia.org/wikipedia/commons/4/4d/Hires_131022-M-EV637-246-cropped.jpg,,,,,,,,,,,,,"David Johnston (homme politique, 1956)",,,,,,,,,,,,,,,,,,,,,,,دیوید جانسون,دیوید جانسون (سیاستمدار),,,,,,,,,,,,,,,,デイビッド・ジョンストン,,,,,,,,,,,,,,,,,,,,,,,,,,,,,,,,,,politician,,
Q5236984,David MacGibbon,David MacGibbon,David MacGibbon,David MacGibbon,David MacGibbon,,,,,,,,David MacGibbon,David MacGibbon (politician),,male,1934-05-13,David,David MacGibbon (Australian politician),,,,,,,,,,,,,,,,,,,,,,,,,,,,,,,,,,,,,,,,,,,,,,,,,,,,,,,,,,,,David MacGibbon,,,David MacGibbon,,,,,,,,,,,,,,,,,,,,,,,,,,,dentist,,
Q5246470,Dean Smith,Dean Smith,Dean Smith,Dean Smith,Dean Smith,,,,,Дин Смит,迪安·史密斯,Dean Smith,Dean Smith,Dean Smith (Australian politician),迪安·史密斯,male,1969-05-15,Dean,Dean Smith (Australian politician),,,,Smith,,,,,,,,,,,,,,,,,,,,,,,,,,,,,,,,,,,,,,,,,,,,,,,,,,,,,,,,,,,,,,,,,,,,,,,,,,,,,,,,,,,,,,politician,,
Q5248341,Deborah O'Neill,,Deborah O'Neill,Deborah O'Neill,Deborah O'Neill,,,,,,,,Deborah O'Neill,Deborah O'Neill,,female,1961-06-04,Deborah,Deborah O'Neill,,,,O'Neill,,,,,,305131580,,,,,,,,,,,,,,,,,,,,,,,,,,,,,,,,,,,,,,,,,,,,,,,,,,,,,,,,,,,,,,,,,,,,,,,,,,,,,,,,politician,,
Q5249930,Dee Margetts,Dee Margetts,Dee Margetts,Dee Margetts,Dee Margetts,,,,,,,Dee Margetts,Dee Margetts,Dee Margetts,,female,1955-03-05,,Dee Margetts,,,https://upload.wikimedia.org/wikipedia/commons/b/b8/Dee_Margetts.jpg,,,,,,,294907011,,,Dee Margetts,,,,,,,,,,,,,,,,,,,,,,,,,,,,,,,,,,,,,,,,,,,,,,,,,,,,,,,,,,,,,,,,,,,,,,,,,,,,,politician,,
Q5290528,Dominic Foreman,,Dominic Foreman,Dominic Foreman,Dominic Foreman,,,,,,,,Dominic Foreman,Dominic Foreman,,male,1933-08-06,Dominic,Dominic Foreman,,,,,,,,,,,,,Dominic Foreman,,,,,,,,,,,,,,,,,,,,,,,,,,,,,,,,,,,,,,,,,,,,,,,,,,,,,,,,,,,,,,,,,,,,,,,,,,,,,politician,,
Q5292594,Don Farrell,Don Farrell,Don Farrell,Don Farrell,Don Farrell,Don Farrell,Don Farrell,Don Farrell,Don Farrell,,,Don Farrell,Don Farrell,Don Farrell,,male,1954-06-06,Don,Don Farrell,,,https://upload.wikimedia.org/wikipedia/commons/1/17/Don_Farrell.jpg,,,,,,,,,,Don Farrell,,,,,,,,,,,,,,,,,,,,,,,,,,,,,,,,,,,,,,,,,,,,,,,,,,,,,,,,,,,,,,,,,,,,,,,,,,,,,politician,,
Q5300344,Doug Cameron,,Doug Cameron,Doug Cameron,Doug Cameron,,,,,Даг Камерон,道格·卡梅隆,,Doug Cameron,Doug Cameron (politician),道格·卡梅隆,male,1951-01-27,Doug,Doug Cameron (politician),,,https://upload.wikimedia.org/wikipedia/commons/4/40/Senator_Doug_Cameron_being_interviewed_by_WIN_News.jpg,,,,,,,,,,,,,,,,,,,,,,,,,,,,,,,,,,,,,,,,,,,,,,,,,,,,,,,,,,,,,,,,,,,,,,,,,,,,,,,,,,,,,,,politician,,
Q541217,Bob Carr,Bob Carr,Bob Carr,Bob Carr,Bob Carr,Bob Carr,Bob Carr,Bob Carr,Bob Carr,,鲍勃·卡尔,Bob Carr,Bob Carr,Bob Carr,鲍勃·卡尔,male,1947-09-28,Bob,Bob Carr,Bob Carr,Bob Carr,https://upload.wikimedia.org/wikipedia/commons/a/ac/Bob_Carr_in_2009.jpg,,Bob Carr,,,,,1979637,,Bob Carr,,,,Bob Carr,,,,,,,nb2003061190,087889935,35544060,495943,,/m/0g53dq,,,,,,Bob Carr,,,,Bob Carr,,,,,,,,,,,,,,,,,,,,,,,,,,,,Bob Carr,Bob Carr,,,,,,,,,,,,,,,,,,,,,,,politician,,
Q542278,Christine Milne,Christine Milne,Christine Milne,Christine Milne,Christine Milne,Christine Milne,Christine Milne,Christine Milne,Christine Milne,,,Christine Milne,Christine Milne,Christine Milne,,female,1953-05-14,Christine,Christine Milne,,,https://upload.wikimedia.org/wikipedia/commons/2/2e/2014-09-21_Christine_Milne_Peoples_Climate_March_Melbourne_600_0479.JPG,,,Category:Christine Milne,,,,295183539,,Christine Milne,,http://christine-milne.greensmps.org.au,,Christine Milne,,,,,,,,,,,,/m/045hs1,,,,,,,,,,Christine Milne,,,,,,,,,,,,,,,,,,,,,,,,,,,,,,,,,,,,,,,,,,,,,,,,,,,,politician,,
Q5451092,Fiona Nash,Fiona Nash,Fiona Nash,Fiona Nash,Fiona Nash,,,,,,,,Fiona Nash,Fiona Nash,,female,1965-05-06,Fiona,Fiona Nash,,,https://upload.wikimedia.org/wikipedia/commons/b/b6/Senator_Fiona_Nash.jpg,,,,,,,,,,Fiona Nash,http://www.fionanash.com.au,SenatorNash,,,,,,,,,,,,,/m/074stx,,,,,,,,,,,,,,,,,,,,,,,,,,,,,,,,,,,,,,,,,,,,,,,,,,,,,,,,,,UCTVUrQdDdyG-S5-9GU16ZaA,,,,politician,,
Q5460569,Florence Bjelke-Petersen,Florence Bjelke-Petersen,Florence Bjelke-Petersen,Florence Bjelke-Petersen,,,,,,,,,Florence Bjelke-Petersen,Florence Bjelke-Petersen,,female,1920-08-11,Florence,Flo Bjelke-Petersen,,,,,,,,,,94143601,,,,,,,,,,,,,,,,,,,,,,,,,,,,,,,,,,,,,,,,,,,,,,,,,,,,,,,,,,,,,,,,,,,,,,,,,,,,,,,,,,
Q5528211,Gavin Marshall,Gavin Marshall,Gavin Marshall,Gavin Marshall,Gavin Marshall,,,,,,,Gavin Marshall,Gavin Marshall,Gavin Marshall,,male,1960-03-25,Gavin,Gavin Marshall,,,,,,,,,,,,,Gavin Marshall,,,,,,,,,,,,,,,,,,,,,,,,,,,,,,,,,,,,,,,,,,,,,,,,,,,,,,,,,,,,,,,,,,,,,,,,,,,,,politician,,
Q5534068,Geoff Buckland,Geoff Buckland,Geoff Buckland,Geoff Buckland,Geoff Buckland,,,,,,,Geoff Buckland,Geoff Buckland,Geoff Buckland,,male,1947-11-10,Geoff,Geoff Buckland,,,,,,,,,,,,,,,,,,,,,,,,,,,,,,,,,,,,,,,,,,,,,,,,,,,,,,,,,,,,,,,,,,,,,,,,,,,,,,,,,,,,,,,,,,politician,,
Q5537216,George Brandis,George Brandis,George Brandis,George Brandis,George Brandis,,,,,,喬治·布蘭迪斯,,George Brandis,George Brandis,喬治·布蘭迪斯,male,1957-06-22,George,George Brandis,George Brandis,George Brandis,https://upload.wikimedia.org/wikipedia/commons/9/9c/George_Brandis.jpg,,,Category:George Brandis,,,,92126563,,,,,,,,,,,,,,,,,,,,,,,,,,,,,,,George Brandis,George Brandis,,,,,,,,,,,,,,,,,,,,,,,,,,,,,,,,,,,,,,,,,,,,,,,,,,
Q5537635,George Campbell,George Campbell,George Campbell,George Campbell,George Campbell,,,,,,,George Campbell,George Campbell,George Campbell (Australian politician),,male,1943-02-18,George,George Campbell (Australian politician),,,,,,,,,,92675041,,,,,,,,,,,,,,,,,,,,,,,,,,,,,,,,,,,,,,,,,,,,,,,,,,,,,,,,,,,,,,,,,,,,,,,,,,,,,,,,politician,,
Q5552820,Gerry Jones,,Gerry Jones,Gerry Jones,Gerry Jones,,,,,,,,Gerry Jones,Gerry Jones,,male,1932-08-16,Gerry,Gerry Jones,,,,Jones,,,,,,,,,,,,,,,,,,,,,,,,,,,,,,,,,,,,,,,,,,,,,,,,,,,,,,,,,,,,,,,,,,,,,,,,,,,,,,,,,,,,,,politician,,
Q5568032,Glen Sheil,,Glen Sheil,Glen Sheil,Glen Sheil,,,,,,,,Glen Sheil,Glen Sheil,,male,1929-10-21,Glen,Glen Sheil,,,,,,,,,,,,,Glen Sheil,,,,,,,,,,,,,,,,,,,,,,,,,,,,,,,,,,,,,,Glen Sheil,,,2008-09-29,,,,,,,,,,,,,,,,,,,,,,,,,,,,,,,,,,,,tennis player,,
Q5569124,Glenn Sterle,Glenn Sterle,Glenn Sterle,Glenn Sterle,Glenn Sterle,Glenn Sterle,Glenn Sterle,Glenn Sterle,Glenn Sterle,,格倫·斯塔爾,Glenn Sterle,Glenn Sterle,Glenn Sterle,格倫·斯塔爾,male,1960-01-03,Glenn,Glenn Sterle,,,,,,,,,,,,,Glenn Sterle,,,,,,,,,,,,,,,,,,,,,,,,,,,,,,,,,,,,,,,,,,,,,,,,,,,,,,,,,,,,,,,,,,,,,,,,,,,,,politician,,
Q5593047,Graham Maguire,,Graham Maguire,Graham Maguire,Graham Maguire,,,,,,,,Graham Maguire,Graham Maguire,,male,1945-04-21,Graham,Graham Maguire,,,,,,,,,,,,,Graham Maguire,,,,,,,,,,,,,,,,,,,,,,,,,,,,,,,,,,,,,,,,,,,,,,,,,,,,,,,,,,,,,,,,,,,,,,,,,,,,,politician,,
Q5593180,Graham Richardson,Graham Richardson,Graham Richardson,Graham Richardson,Graham Richardson,,,,,,,Graham Richardson,Graham Richardson,Graham Richardson,,male,1949-09-27,Graham,Graham Richardson,,,,,,,,,,73103179,,,Graham Richardson,,,,,,,nm4784979,,,,,,357665,,,,,,,,,,,,,,,,,,,,,,,,,,,,,,,,,,,,,,,,,,,,,,,,,,,,,,,,,,,,,,,,politician,,
Q5596136,Grant Chapman,Grant Chapman,Grant Chapman,Grant Chapman,Grant Chapman,,,,,,,Grant Chapman,Grant Chapman,Grant Chapman,,male,1949-04-27,Grant,Grant Chapman,,,,,,,,,,92704787,,,Grant Chapman,,,,,,,,,,,,,,,,,,,,,,,,,,,,,,,,,,,,,,,,,,,,,,,,,,,,,,,,,,,,,,,,,,,,,,,,,,,,,politician,,
Q5596486,Grant Tambling,Grant Tambling,Grant Tambling,Grant Tambling,Grant Tambling,,,,,,,Grant Tambling,Grant Tambling,Grant Tambling,,male,1943-06-20,Grant,Grant Tambling,Grant Tambling,Grant Tambling,,,,,,,,91901262,,,,,,,,,,,,,,,,,,,,,,,,,,,,,,,,,,,,,,,,,,,,,,,,,,,,,,,,,Grant Tambling,,,,,,,,,,,,,,,,,,,,,,,politician,,
Q5622071,Guy Barnett,Guy Barnett,Guy Barnett,Guy Barnett,Guy Barnett,,,,,,,,Guy Barnett,Guy Barnett (Australian politician),,male,1962-04-04,Guy,Guy Barnett (Australian politician),,,https://upload.wikimedia.org/wikipedia/commons/2/25/Guy-Barnett-crop-20150331-015.jpg,,,,,,,128373039,,,,,,,,,,,,,,,,,,,,,,,,,,,,,,,,,,,,,,,,,,,,,,,,,,,,,,,,,,,,,,,,,,,,,,,,,,,,,,,,,,
Q5693874,Heather Hill,Heather Hill,Heather Hill,Heather Hill,Heather Hill,,,,,,,Heather Hill,Heather Hill,Heather Hill (politician),,female,1960-08-09,Heather,Heather Hill (politician),,,,,,,,,,,,,,,,,,,,,,,,,,,,,,,,,,,,,,,,,,,,,,,,,,,,,,,,,,,,,,,,,,,,,,,,,,,,,,,,,,,,,,,,,,politician,,
Q5702622,Helen Kroger,Helen Kroger,Helen Kroger,Helen Kroger,Helen Kroger,,,,,,,Helen Kroger,Helen Kroger,Helen Kroger,,female,1959-03-11,Helen,Helen Kroger,,,,,,,,,,,,,,http://www.helenkroger.com.au,,,,,,,,,,,,,,/m/0dnkrk,,,,,,,,,,,,,,,,,,,,,,,,,,,,,,,,,,,,,,,,,,,,,,,,,,,,,,,,,,,,,,politician,,
Q572783,Michaelia Cash,Michaelia Cash,Michaelia Cash,Michaelia Cash,Michaelia Cash,,,,,,,Michaelia Cash,Michaelia Cash,Michaelia Cash,,female,1970-07-19,,Michaelia Cash,Michaelia Cash,Michaelia Cash,https://upload.wikimedia.org/wikipedia/commons/8/89/Michaelia_Cash_March_2014.jpg,,,Category:Michaelia Cash,,,,,,,,,,,,,,,,,,,,,,/m/03qhslw,,,,,,,,,,,,,,,,,,,,,,,,,,,,,,,,,,,,,,,,,,,,,,,,,,,,,,,,,,,,,,politician,,
Q5981115,Ian Campbell,Ian Campbell,Ian Campbell,Ian Campbell,Ian Campbell,Ian Campbell,Ian Campbell,Ian Campbell,Ian Campbell,Йен Кэмпбелл,伊安·堪博,,Ian Campbell,Ian Campbell (Australian politician),,male,1959-05-22,Ian,Ian Campbell (Australian politician),,,,,,,,,,,,,,,,,,,,,,,,,,,,,,,,,,,,,,,,,,,,,,,,,,,,,,,,,,,,,,,,,,,,,,,,,,,,,,,,,,,,,,,,,,,,
Q5982140,Ian Macdonald,Ian Macdonald,Ian Macdonald,Ian Macdonald,Ian Macdonald,,,,,,,,Ian Macdonald,Ian Macdonald (Australian politician),,male,1945-11-29,Ian,Ian Macdonald (Australian politician),,,,,,,,,,106600107,,,,,,,,,,,,,,,,,,,,,,,,,,,,,,,,,,,,,,,,,,,,,,,,,,,,,,,,,,,,,,,,,,,,,,,,,,,,,,,,,,
Q6035315,Warwick Parer,Warwick Parer,,Warwick Parer,Warwick Parer,,,,Warwick Parer,,,,Warwick Parer,Warwick Parer,,male,1936-04-06,Warwick,Warwick Parer,,,,,,,,,,,,,,,,,,,,,,,,,,,,,,,,,,Warwick Parer,,,,,,,,,,,,,,,,,,,,2014-03-14,,,,,,,,,,,,,,Warwick Parer,,,,,,,,,,,,,,,,,,,,,,,,
Q6069791,Irina Dunn,Irina Dunn,Irina Dunn,Irina Dunn,Irina Dunn,,,,,,伊琳娜·鄧恩,,Irina Dunn,Irina Dunn,,female,1948,Irina,Irina Dunn,,,,,,,,Irina Dunn,,65371878,,,,,,,,,,,,0000 0000 6354 3150,,,,124093,,,,,,,,,,,,,,,,,,,,,,,,,,,,,,,,,,,,,,,,,,,,,,,,,,,,,,,,אירינה דאן,אירינה דאן,,,,,,,,,
Q6110750,Jacinta Collins,Jacinta Collins,Jacinta Collins,Jacinta Collins,Jacinta Collins,,,,,,,Jacinta Collins,Jacinta Collins,Jacinta Collins,,female,1962-09-04,Jacinta,Jacinta Collins,Jacinta Collins,Jacinta Collins,https://upload.wikimedia.org/wikipedia/commons/b/bc/Jacinta_Collins.jpeg,,,,,,,92774420,,,,,,,,,,,,,,,,,,,,,,,,,,,,,,,,,,,,,,,,,,,,,,,,,,,,,,,,,,,,,,,,,,,,,,,,,,,,,,,,politician,,
Q6149491,Jan McLucas,Jan McLucas,Jan McLucas,Jan McLucas,Jan McLucas,,,,,,,Jan McLucas,Jan McLucas,Jan McLucas,,female,1958-03-27,Jan,Jan McLucas,,,,,,,,,,,,,,,,,,,,,,,,,,,,,,,,,,,,,,,,,,,,,,,,,,,,,,,,,,,,,,,,,,,,,,,,,,,,,,,,,,,,,,,,,,politician,,
Q6153558,Janet Powell,Janet Powell,Janet Powell,Janet Powell,Janet Powell,,,,,Джанет Пауэлл,,,Janet Powell,Janet Powell,,female,1942-09-29,Janet,Janet Powell,,,https://upload.wikimedia.org/wikipedia/commons/2/21/JanetPowell_Dec2007.jpg,,,,,,,93752702,,,,,,,,,,,,,,,,,,,,,,,,,,,,,,,,,,,,,,,,,,,,2013-09-30,,,,,,,,,,,,,,Janet Powell,,,,,,,,,,,,,,,,,,,,,,,,
Q6154549,Janine Haines,Janine Haines,Janine Haines,Janine Haines,Janine Haines,,,,,,,,Janine Haines,Janine Haines,,female,1945-05-08,Janine,Janine Haines,Janine Haines,Janine Haines,https://upload.wikimedia.org/wikipedia/commons/f/fa/HainesChipp.jpg,,,,,,,43518718,567533,,,,,,,,,,,,,,,,,,,,,,,,,,,,,,,,,,,,,,,,,,,2004-11-20,,,,,,,,,,,,,,,,,,,,,,,,,,,,,,,,,,,,politician,,
Q6170903,Jean Jenkins,Jean Jenkins,,Jean Jenkins,Jean Jenkins,Jean Jenkins,Jean Jenkins,Jean Jenkins,Jean Jenkins,,,Jean Jenkins,Jean Jenkins,Jean Jenkins (politician),,female,1938-03-16,Jean,Jean Jenkins (politician),,,https://upload.wikimedia.org/wikipedia/commons/5/50/Jean_Jenkins_2007.jpg,,,,,,,,,,,,,,,,,,,,,,,,,,,,,,,,,,,,,,,,,,,,,,,,,,,,,,,,,,,,,,,,,,,,,,,,,,,,,,,,,,,,,,,,,
Q6172338,Jeannie Ferris,Jeannie Ferris,Jeannie Ferris,Jeannie Ferris,Jeannie Ferris,,,,,,,,Jeannie Ferris,Jeannie Ferris,,female,1941-03-14,Jeannie,Jeannie Ferris,,,,Ferris,,,,,,78922161,720084,,,,,,,,,,,,,,,,,,,,,,,,,,,,,,,,,,,,,,,,,,,2007-04-02,,,,,,,,,,,,,,,,,,,,,,,,,,,,,,,,,,,,journalist,,
Q6196875,Jim McKiernan,,Jim McKiernan,Jim McKiernan,Jim McKiernan,,,,,,,,Jim McKiernan,Jim McKiernan,,male,1944-10-11,Jim,Jim McKiernan,,,,,,,,,,93638159,,,,,,,,,,,,,,,,,,,,,,,,,,,,,,,,,,,,,,,,,,,,,,,,,,,,,,,,,,,,,,,,,,,,,,,,,,,,,,,,politician,,
Q6198096,Jim Short,Jim Short,Jim Short,Jim Short,Jim Short,,,,,,,Jim Short,Jim Short,Jim Short (Australian politician),,male,1936-12-07,Jim,Jim Short (Australian politician),,,,,,,,,,,,,,,,,,,,,,,,,,,,,,,,,,,,,,,,,,,,,,,,,,,,,,,,,,,,,,,,,,,,,,,,,,,,,,,,,,,,,,,,,,diplomat,,
Q6207164,Jocelyn Newman,Jocelyn Newman,Jocelyn Newman,Jocelyn Newman,Jocelyn Newman,,,,,,,Jocelyn Newman,Jocelyn Newman,Jocelyn Newman,,female,1937-07-07,Jocelyn,Jocelyn Newman,Jocelyn Newman,Jocelyn Newman,,,,,,,,,,,,,,,,,,,,,,,,,,,,,,,,,,,,,,,,,,,,,,,,,,,,,,,,,,,,,,,,,,,,,,,,,,,,,,,,,,,,,,,,politician,,
Q6211016,Joe Ludwig,Joe Ludwig,Joe Ludwig,Joe Ludwig,Joe Ludwig,,,,,,喬·路德維希,Joe Ludwig,Joe Ludwig,Joe Ludwig,喬·路德維希,male,1959-07-21,Joe,Joe Ludwig,Joe Ludwig,Joe Ludwig,https://upload.wikimedia.org/wikipedia/commons/6/67/Joe_Ludwig.JPG,Ludwig,,,,,,,,,,,,,,,,,,,,,,,,,,,,,,,,,,,,,,,,,,,,,,,,,,,,,,,,,,,,,,,,,,,,,,,,,,,,,,,,,,,,,,politician,,
Q6225870,John Cherry,John Cherry,John Cherry,John Cherry,John Cherry,,,,,,,,John Cherry,John Cherry (Australian politician),,male,1965-05-22,John,John Cherry (Australian politician),,,"https://upload.wikimedia.org/wikipedia/commons/5/57/Former_Australian_Democrats_Queensland_senators_Michael_Macklin_and_John_Cherry,_with_Andrew_Bartlett_in_background,_in_2008.jpg",,,,,,,,,,,,,,,,,,,,,,,,,,,,,,,,,,,,,,,,,,,,,,,,,,,,,,,,,,,,,,,,,,,,,,,,,,,,,,,,,,,,,,,,,
Q6226433,John Coates,John Coates,John Coates,John Coates,John Coates,,,,,Джон Коутс,,John Coates,John Coates,John Coates (Australian politician),,male,1944-03-23,John,John Coates (Australian politician),,,,,,,,,,94097028,,,,,,,約翰·科茨,约翰·科茨,,,,,,,,,,,,,,,,,,,,,,,,,,,,,,,,,,,,,,,,,,,,,,,,,,,,,,,,,,,,,,,,,,,,,,,,politician,,
Q6227293,John Coulter,John Coulter,John Coulter,John Coulter,John Coulter,John Coulter,John Coulter,John Coulter,John Coulter,,,John Coulter,John Coulter,John Coulter (politician),,male,1930-12-03,John,John Coulter (politician),,,,,,,,,,,,,,,,,,,,,,,,,,,,,,,,,,,,,,,,,,,,,,,,,,,,,,,,,,,,,,,,,,,,,,,,,,,,,,,,,,,,,,,,,,politician,,
Q6239095,John Herron,John Herron,John Herron,John Herron,John Herron,,,,,,,,John Herron,John Herron (Australian politician),,male,1932-09-04,John,John Herron (Australian politician),,,"https://upload.wikimedia.org/wikipedia/commons/2/28/John_Herron,_AO_(1).jpg",,,,,,,92373087,,,,,,,,,,,,,,,,,,,,,,,,,,,,,,,,,,,,,,,,,,,,,,,,,,,,,,,,,,,,,,,,,,,,,,,,,,,,,,,,diplomat,,
Q6239528,John Hogg,John Hogg,John Hogg,John Hogg,John Hogg,John Hogg,John Hogg,John Hogg,John Hogg,"Хогг, Джон",,John Hogg,John Hogg,John Hogg,,male,1949-03-19,John,John Hogg,John Hogg,John Hogg,https://upload.wikimedia.org/wikipedia/commons/4/46/John_Hogg_Australia_Senate_of_Poland_01.JPG,,,,,,,,,John Hogg (Politiker),,,,,,,"Хогг, Джон",,,,,,,,,,,,,,,,,,,,,,,,,,,,,,,,,,,,,ジョン・ホッグ,,,,,,,,,,,,,,,,,,,,,,,,,,,,,,,,,,politician,,
Q6246365,John Madigan,,,John Madigan,John Madigan,,,,,Джон Мэдигэн,約翰·麥迪甘,,John Madigan,John Madigan (Australian politician),約翰·麥迪甘,male,1966-07-21,John,John Madigan (Australian politician),,,,,,,,,,,,,,,,,,,,,,,,,,,,,,,,,,,,,,,,,,,,,,,,,,,,,,,,,,,,,,,,,,,,,,,,,,,,,,,,,,,,,,,,,,,,
Q6249470,John Morris,,John Morris,John Morris,John Morris,,,,,,,,John Morris,John Morris (Australian politician),,male,1936-06-12,John,John Morris (Australian politician),,,,,,,,,,96694219,,,,,,,,,,,,,,,,,,,,,,,,,,,,,,,,,,,,,,,,,,,,2013-02-08,,,,,John Morris,,,,,,,,,John Morris,,,,,John Morris,John Morris,John Morris,,,,500194903,,,,,,,,,,,politician,,
Q6251843,John Panizza,,John Panizza,John Panizza,John Panizza,,,,,,,,John Panizza,John Panizza,,male,1931-03-24,John,John Panizza,,,,,,,,,,,,,,,,,,,,,,,,,,,,,,,,,,,,,,,,,,,,,,,,,,,,,,1997-01-31,,,,,,,,,,,,,,,,,,,,,,,,,,,,,,,,,,,,politician,,
Q6253727,John Quirke,,John Quirke,John Quirke,John Quirke,,,,,,,,John Quirke,John Quirke,,male,1950-09-09,John,John Quirke,,,,,,,,,,,,,,,,,,,,,,,,,,,,,,,,,,,,,,,,,,,,,,,,,,,,,,,,,,,,,,,,,,,,,,,,,,,,,,,,,,,,,,,,,,politician,,
Q6259287,John Stone,John Stone,John Stone,John Stone,John Stone,,,,,,約翰·史東,,John Stone,John Stone (Australian politician),,male,1929-01-31,John,John Stone (Australian politician),,,,,,,,,,60486828,,,,,,,,,,,,,,,,,,,,,,,,,,,,,,,,,,,,,,,,,,,,,,,,,,,,,,,,,,,,,,,,,,,,,,,,,,,,,,,,,,
Q6260826,John Tierney,John Tierney,John Tierney,John Tierney,John Tierney,John Tierney,John Tierney,John Tierney,John Tierney,Джон Тирни,,,John Tierney,John Tierney (Australian politician),,male,1946-01-21,John,John Tierney (Australian politician),,,,,,,,,,91739228,,,,,,,,,,,,,,,,,,,,,,,,,,,,,,,,,,,,,,,,,,,,,,,,,,,,,,,,,,,,,,,,,,,,,,,,,,,,,,,,,,
Q6263210,John Watson,John Watson,John Watson,John Watson,John Watson,,,,,,,John Watson,John Watson,John Watson (Australian politician),,male,1937-01-21,John,John Watson (Australian politician),,,,,,,,,,91846792,,,,,,,,,,,,,,,,,,,,,,,,,,,,,,,,,,,,,,,,,,,,,,,,,,,,,,,,,,,,,,,,,,,,,,,,,,,,,,,,politician,,
Q6264317,John Williams,,John Williams,John Williams,John Williams,,,,,,約翰·威廉斯,,John Williams,John Williams (Australian senator),約翰·威廉斯 (政治人物),male,1955-01-16,John,John Williams (New South Wales federal politician),,,https://upload.wikimedia.org/wikipedia/commons/b/b6/Senator_John_Williams.JPG,Williams,,,,,,52924482,,,,http://www.senatorjohnwilliams.com/,,,,,,,,,,,,,,,,,,,,,,,,,,,,,,,,,,,,,,,,,,,,,,,,,,,,,,,,,,,,,,,,,,,,,,,,,,,,politician,,
Q6264818,John Woodley,John Woodley,John Woodley,John Woodley,John Woodley,,,,,,,,John Woodley,John Woodley,,male,1938-02-09,John,John Woodley,,,,,,Category:John Woodley,,,,,,,,,,,,,,,,,,,,,,,,,,,,,,,,,,,,,,,,,,,,,,,,,,,,,,,,,,,,,,,,,,,,,,,,,,,,,,,,,,,,,,
Q6303716,Judith Troeth,Judith Troeth,Judith Troeth,Judith Troeth,Judith Troeth,,,,,,,,Judith Troeth,Judith Troeth,,female,1940-08-03,Judith,Judith Troeth,,,,,,,,,,311118998,,,,,,,,,,,,,,,,,,,,,,,,,,,,,,,,,,,,,,,,,,,,,,,,,,,,,,,,,,,,,,,,,,,,,,,,,,,,,,,,,,
Q6307377,Julian McGauran,Julian McGauran,Julian McGauran,Julian McGauran,Julian McGauran,,,,,,,,Julian McGauran,Julian McGauran,,male,1957-03-05,Julian,Julian McGauran,,,,,,,,,,,,,,,,,,,,,,,,,,,,,,,,,,,,,,,,,,,,,,,,,,,,,,,,,,,,,,,,,,,,,,,,,,,,,,,,,,,,,,,,,,,,
Q6370069,Karen Synon,Karen Synon,Karen Synon,Karen Synon,Karen Synon,,,,,,,Karen Synon,Karen Synon,Karen Synon,,female,1959-09-15,Karen,Karen Synon,,,,,,,,,,,,,,,,,,,,,,,,,,,,,,,,,,,,,,,,,,,,,,,,,,,,,,,,,,,,,,,,,,,,,,,,,,,,,,,,,,,,,,,,,,politician,,
Q6375611,Kate Lundy,Kate Lundy,Kate Lundy,Kate Lundy,Kate Lundy,,,,,,,Kate Lundy,Kate Lundy,Kate Lundy,,female,1967-12-15,Kate,Kate Lundy,,,https://upload.wikimedia.org/wikipedia/commons/9/9b/Kate_lundy_keynote.jpg,,,Category:Kate Lundy,,,,,,,,http://www.katelundy.com.au/,,,,,,,,,,,,,,/m/02s62c,,,,,,,,كيت لوندي,كيت لوندي,,,,,,,,,,,,,,,,,,,,,,,,,,,,,,,,,,,,,,,,,,,,,,,,,,,,,politician,,
Q6380177,Kay Denman,Kay Denman,Kay Denman,Kay Denman,Kay Denman,,,,,,,Kay Denman,Kay Denman,Kay Denman,,female,1937-07-22,Kay,Kay Denman,,,,,,,,,,,,,,,,,,,,,,,,,,,,,,,,,,,,,,,,,,,,,,,,,,,,,,,,,,,,,,,,,,,,,,,,,,,,,,,,,,,,,,,,,,politician,,
Q6394611,Kerry O'Brien,Kerry O'Brien,Kerry O'Brien,Kerry O'Brien,Kerry O'Brien,Kerry O'Brien,Kerry O'Brien,Kerry O'Brien,Kerry O'Brien,Керри О'Брайэн,,Kerry O'Brien,Kerry O'Brien,Kerry O'Brien (politician),,male,1951-07-19,Kerry,Kerry O'Brien (politician),,,,,,,,,,,,,,,,,,,,,,,,,,,,,,,,,,,,,,,,,,,,,,,,,,,,,,,,,,,,,,,,,,,,,,,,,,,,,,,,,,,,,,,,,,politician,,
Q6394660,Kerry Sibraa,,Kerry Sibraa,Kerry Sibraa,Kerry Sibraa,,,,,,,,Kerry Sibraa,Kerry Sibraa,,male,1937-10-12,Kerry,Kerry Sibraa,,,,,,,,,,93131962,556845,,,,,,,,,,,,,,35695623,,,,,,,,,,,,,,,,,,,,,,,,,,,,,,,,,,,,,,,,,,,,,,,,,,,,,,,,,,,,,,,,,politician,,
Q6489515,Larissa Waters,Larissa Waters,Larissa Waters,Larissa Waters,Larissa Waters,Larissa Waters,Larissa Waters,Larissa Waters,Larissa Waters,,,Larissa Waters,Larissa Waters,Larissa Waters,,female,1977-02-09,Larissa,Larissa Waters,,,https://upload.wikimedia.org/wikipedia/commons/9/9f/LarissaWaters.jpg,,,Category:Larissa Waters,,,,,,Larissa Waters,,http://larissa-waters.greensmps.org.au/about,larissawaters,Larissa Waters,,,,,,,,,,,,/m/027jhc7,,,,,,,,,,,,,,,,,,,,,,,,,,,,,,,,,,,,,,,,,,,,,,,,,,,,,,,,,,,,,,politician,,
Q6514788,Lee Rhiannon,Lee Rhiannon,,Lee Rhiannon,Lee Rhiannon,,,,,,,,Lee Rhiannon,Lee Rhiannon,,female,1951-05-30,Lee,Lee Rhiannon,,,https://upload.wikimedia.org/wikipedia/commons/0/01/Lee_Rhiannon_2010.jpg,,,,,,,,,,Lee Rhiannon,,,,,,,,,,,,,,,,,,,,,,,,,,,,,,,,,,,,,,,,,,,,,,,,,,,,,,,,,,,,,,,,,,,,,,,,,,,,,politician,,
Q6521809,Len Harris,Len Harris,Len Harris,Len Harris,Len Harris,,,,,,,,Len Harris,Len Harris (politician),,male,1943-09-22,,Len Harris (politician),,,,,,,,,,,,,,,,,,,,,,,,,,,,,,,,,,,,,,,,,,,,,,,,,,,,,,,,,,,,,,,,,,,,,,,,,,,,,,,,,,,,,,,,,,,,
Q6550105,Lin Thorp,Lin Thorp,Lin Thorp,Lin Thorp,Lin Thorp,,,,,,,Lin Thorp,Lin Thorp,Lin Thorp,,female,1953-11-04,,Lin Thorp,,,,,,,,,,160558880,,,Lin Thorp,,,,,,,,,,,,,,,,,,,,,,,,,,,,,,,,,,,,,,,,,,,,,,,,,,,,,,,,,,,,,,,,,,,,,,,,,,,,,politician,,
Q6551715,Linda Kirk,Linda Kirk,Linda Kirk,Linda Kirk,Linda Kirk,Linda Kirk,Linda Kirk,Linda Kirk,Linda Kirk,,,Linda Kirk,Linda Kirk,Linda Kirk,,female,1967-05-24,Linda,Linda Kirk,,,,,,,,,,93791305,,,,,,,,,,,,,,,,,,,,,,,,,,,,,,,,,,,,,,,,,,,,,,,,,,,,,,,,,,,,,,,,,,,,,,,,,,,,,,,,politician,,
Q6665972,Meg Lees,Meg Lees,,Meg Lees,Meg Lees,Meg Lees,Meg Lees,Meg Lees,Meg Lees,,,,Meg Lees,Meg Lees,,female,1948-10-19,Meg,Meg Lees,,,,,,,,,,94119346,,,,,,,,,,,,,,,,1914858,,,,,,,,,,,,,,,,,,,,,,,,,,,,,,,,,,,,,,,,,,,,เม็ก ลีส์,เม็ก ลีส์,,,,,,,,,,,,,,,,,,,,,
Q6708298,Lyn Allison,Lyn Allison,Lyn Allison,Lyn Allison,Lyn Allison,Lyn Allison,Lyn Allison,Lyn Allison,Lyn Allison,,林恩·埃里森,,Lyn Allison,Lyn Allison,,female,1946-10-21,Lyn,Lyn Allison,,,https://upload.wikimedia.org/wikipedia/commons/5/54/Lyn_Allison_March_2010.jpg,,,,,,,272263049,1025717,,,,,,,,,,,,,,,,,,,,,,,,,,,,,,,,,,,,,,,,,,,,,,,,,,,,,,,,,,,,,,,,,,,,,,,,,,,,,,,,,
Q6759831,Margaret Reid,Margaret Reid,Margaret Reid,Margaret Reid,Margaret Reid,,,,,Маргарет Рейд,,Margaret Reid,Margaret Reid,Margaret Reid,,female,1935-05-28,Margaret,Margaret Reid,,,,McLachlan,,,,,,92658856,530993,,Margaret Reid,,,,,,,,,,,,35524071,,,,,,,,,,,,,,,,,,,,,,,,,,,,,,,マーガレット・レイド,,,,,,,,,,,,,,,,,,,,,,,,,,,,,,,,,,barrister,,
Q6759833,Margaret Reynolds,Margaret Reynolds,Margaret Reynolds,Margaret Reynolds,Margaret Reynolds,,,,,,,Margaret Reynolds,Margaret Reynolds,Margaret Reynolds,,female,1941-07-19,Margaret,Margaret Reynolds,,,,,,,,,,64758632,,,,,,,,,,,,0000 0000 6392 3786,,145099164,,1529668,,,,,,,,,,,,,,,,,,,,,,,,,,,,,,,,,,,,,,,,,,,,,,,,,,,,,,,,,,,,,,,,politician,,
Q6766585,Mark Arbib,Mark Arbib,Mark Arbib,Mark Arbib,Mark Arbib,,,,,,馬克·阿比布,Mark Arbib,Mark Arbib,Mark Arbib,,male,1971-11-09,Mark,Mark Arbib,,,https://upload.wikimedia.org/wikipedia/commons/5/5a/MarkArbibJerilderieLibraryOpening.JPG,,,,,,,,,,,,,,馬克·阿比布,,,,,,,,,,,,,,,,,,,,,,,,,,,,,,,,,,,,,,,,,,,,,,,,,,,,,,,,,,,,,,,,,,,,,,,,,politician,,
Q6766745,Mark Bishop,Mark Bishop,Mark Bishop,Mark Bishop,Mark Bishop,Mark Bishop,Mark Bishop,Mark Bishop,Mark Bishop,Марк Бишоп,,Mark Bishop,Mark Bishop,Mark Bishop,,male,1954-06-29,Mark,Mark Bishop,,,https://upload.wikimedia.org/wikipedia/commons/d/d5/Markbishop.jpg,,,,,,,,,,,,,,,,,,,,,,,,,,,,,,,,,,,,,,,,,,,,,,,,,,,,,,,,,,,,,,,,,,,,,,,,,,,,,,,,,,,,,,,politician,,
Q6767697,Mark Furner,,Mark Furner,Mark Furner,Mark Furner,,,,,,,,Mark Furner,Mark Furner,,male,1958-04-11,Mark,Mark Furner,,,https://upload.wikimedia.org/wikipedia/commons/5/5f/Mark_Furner_090720-N-9950J-049.jpg,,,,,,,,,,,,,,,,,,,,,,,,,,,,,,,,,,,,,,,,,,,,,,,,,,,,,,,,,,,,,,,,,,,,,,,,,,,,,,,,,,,,,,,politician,,
Q6779926,Mary Jo Fisher,,Mary Jo Fisher,Mary Jo Fisher,Mary Jo Fisher,,,,,,,,Mary Jo Fisher,Mary Jo Fisher,,female,1962-12-25,Mary,Mary Jo Fisher,,,,,,,,,,,774088,,,,,,,,,,,,,,,,,,,,,,,,,,,,,,,,,,,,,,,,,,,,,,,,,,,,,,,,,,,,,,,,,,,,,,,,,,,,,,,,,
Q6789423,Matt Thistlethwaite,Matt Thistlethwaite,Matt Thistlethwaite,Matt Thistlethwaite,Matt Thistlethwaite,,,,,,馬特·齊索斯威特,Matt Thistlethwaite,Matt Thistlethwaite,Matt Thistlethwaite,馬特·齊索斯威特,male,1972-09-06,Matt,Matt Thistlethwaite,,,https://upload.wikimedia.org/wikipedia/commons/7/7b/Matt_Thistlethwaite.jpg,,,,,,,,,,,,,,,,,,,,,,,,,,,,,,,,,,,,,,,,,,,,,,,,,,,,,,,,,,,,,,,,,,,,,,,,,,,,,,,,,,,,,,,politician,,
Q6828506,Michael Baume,Michael Baume,Michael Baume,Michael Baume,Michael Baume,,,,,,,Michael Baume,Michael Baume,Michael Baume,,male,1930-07-06,Michael,Michael Baume,,,,,,,,,,94857733,,,Michael Baume,,,,,,,,,,,,,,,,,,,,,,,,,,,,,,,,,,,,,,,,,,,,,,,,,,,,,,,,,,,,,,,,,,,,,,,,,,,,,diplomat,,
Q6828513,Michael Beahan,Michael Beahan,Michael Beahan,Michael Beahan,Michael Beahan,,,,,,,Michael Beahan,Michael Beahan,Michael Beahan,,male,1937-01-21,Michael,Michael Beahan,,,,,,,,,,,,,Michael Beahan,,,,,,,,,,,,,,,,,,,,,,,,,,,,,,,,,,,,,,,,,,,,,,,,,,,,,,,,,,,,,,,,,,,,,,,,,,,,,politician,,
Q6830370,Michael Forshaw,Michael Forshaw,Michael Forshaw,Michael Forshaw,Michael Forshaw,,,,,,米高·弗紹,Michael Forshaw,Michael Forshaw,Michael Forshaw,,male,1952-01-11,Michael,Michael Forshaw,,,,,,,,,,,,,,,,,米高·弗紹,,,,,,,,,,,,,,,,,,,,,,,,,,,,,,,,,,,,,,,,,,,,,,,,,,,,,,,,,,,,,,,,,,,,,,,,,politician,,
Q6832422,Michael Macklin,Michael Macklin,,Michael Macklin,Michael Macklin,,,,,Майкл Маклин,,,Michael Macklin,Michael Macklin,,male,1943-02-25,Michael,Michael Macklin,,,,,,,,,,93069708,,,,,,,,,,,,,,,,,,,,,,,,,,,,,,,,,,,,,,,,,,,,,,,,,,,,,,,,,,,,,,,,,,,,,,,,,,,,,,,,,,
Q6833958,Michael Ronaldson,Michael Ronaldson,Michael Ronaldson,Michael Ronaldson,Michael Ronaldson,,,,,,邁克·羅德森,Michael Ronaldson,Michael Ronaldson,Michael Ronaldson,邁克·羅德森,male,1954-02-13,Michael,Michael Ronaldson,,,,,,,,,,,,,Michael Ronaldson,,,,羅納爾森,罗纳尔森,,,,,,,,,,,,,,,,,,,,,,,,,,,,,,,,,,,,,,マイケル・ロナルドソン,,,,,,,,,,,,,,,,,,,,,,,,,,,,,,,,,,politician,,
Q6880868,Mitch Fifield,Mitch Fifield,Mitch Fifield,Mitch Fifield,Mitch Fifield,,,,,,米奇·發費爾德,,Mitch Fifield,Mitch Fifield,米奇·發費爾德,male,1967-01-16,Mitch,Mitch Fifield,Mitch Fifield,Mitch Fifield,https://upload.wikimedia.org/wikipedia/commons/e/e4/Mitch_Fifield.jpg,,,,,,,,,,Mitch Fifield,,,,,,,,,,,,,,,,,,,,,,,,,,,,,,,,,,,,,,,,,,,,,,,,,,,,,,,,,,,,,,,,,,,,,,,,,,,,,,,
Q6968504,Natasha Stott Despoja,Natasha Stott Despoja,Natasha Stott Despoja,Natasha Stott Despoja,Natasha Stott Despoja,,,,,"Десподжа, Наташа Стотт",,Natasha Stott Despoja,Natasha Stott Despoja,Natasha Stott Despoja,,female,1969-09-09,Natasha,Natasha Stott Despoja,,,https://upload.wikimedia.org/wikipedia/commons/2/2e/Natasha-Stott-Despoja.jpg,,,,,,,92962252,,,,,,,,,"Десподжа, Наташа Стотт",nm2465778,,,,,,,,,,,,,,,,,,,,,,,,,,,,,,,,,,,,ナターシャ・ストット・デスポジャ,,,,,,,,,,,,,,,,,,,,,,,,,,,,,,,,,,politician,,
Q7026792,Nick Bolkus,Nick Bolkus,Nick Bolkus,Nick Bolkus,Nick Bolkus,,,,,,,Nick Bolkus,Nick Bolkus,Nick Bolkus,,male,1950-07-17,Nick,Nick Bolkus,,,,,,,,,,93051434,,,,,,,,,,,,,,,,,,,,,,,,,,,,,,,,,,,,,,,,,,,,,,,,,,,,,,,,,,,,,,,,,,,,,,,,,,,,,,,,politician,,
Q7027920,Nick Sherry,Nick Sherry,Nick Sherry,Nick Sherry,Nick Sherry,,,,,,,Nick Sherry,Nick Sherry,Nick Sherry,,male,1955-11-19,Nick,Nick Sherry,,,,,,,,,,,,,,,,,,,,,,,,,,,,,,,,,,,,,,,,,,,,,,,,,,,,,,,,,,,,,,,,,,,,,,,,,,,,,,,,,,,,,,,,,,politician,,
Q7028174,Nick Xenophon,Nick Xenophon,Nick Xenophon,Nick Xenophon,Nick Xenophon,,,,,,尼克·瑟諾芬,Nick Xenophon,Nick Xenophon,Nick Xenophon,尼克·瑟諾芬,male,1959-01-29,Nick,Nick Xenophon,,,https://upload.wikimedia.org/wikipedia/commons/d/d8/2009_07_24_Nick_Xenophon_speaking_cropped.jpg,,Nick Xenophon,Category:Nick Xenophon,Nick Xenophon,Nick Xenophon,Author:Nicholas Xenophon,120127069,1460623,,,,,,,,,,,,,,,,,,,,,,,,,,,,,,,,,,,,,,,,,,,,,ニック・ゼノフォン,,,,,,,,,,,,,,,,,,,,,,,,,,,,,,,,,,politician,,
Q7032631,Nigel Scullion,Nigel Scullion,Nigel Scullion,Nigel Scullion,Nigel Scullion,,,,,,奈格爾·斯卡良,,Nigel Scullion,Nigel Scullion,奈格爾·斯卡良,male,1956-05-04,Nigel,Nigel Scullion,Nigel Scullion,Nigel Scullion,https://upload.wikimedia.org/wikipedia/commons/0/09/Nigel_Scullion.jpg,,,,,,,,,,Nigel Scullion,,,,,,,,,,,,,,,,,,,,,,,,,,,,,,,,,,,,,,,,,,,,,,,,,,,,,,,,,,,,,,,,,,,,,,,,,,,,,,,
Q7046901,Noel Crichton-Browne,,Noel Crichton-Browne,Noel Crichton-Browne,,,,,,,,,Noel Crichton-Browne,Noel Crichton-Browne,,male,1944-02-02,Noel,Noel Crichton-Browne,,,,,,,,,,,,,,,,,,,,,,,,,,,,,,,,,,,,,,,,,,,,,,,,,,,,,,,,,,,,,,,,,,,,,,,,,,,,,,,,,,,,,,,,,,,,
Q7051574,Norm Sanders,Norm Sanders,Norm Sanders,Norm Sanders,Norm Sanders,,,,,,,Norm Sanders,Norm Sanders,Norm Sanders,,male,1932-10-15,Norm,Norm Sanders,,,,Sanders,,,,,,62909487,,,Norm Sanders,,,,,,,,,,,,,,,,,,,,,,,,,,,,,,,,,,,,,,,,,,,,,,,,,,,,,,,,,,,,,,,,,,,,,,,,,,,,,politician,,
Q7087226,Olive Zakharov,Olive Zakharov,Olive Zakharov,Olive Zakharov,,,,,,,,Olive Zakharov,Olive Zakharov,Olive Zakharov,,female,1929-03-19,Olive,Olive Zakharov,,,,,,,,,,93394355,,,,,,,,,,,,,,,,,,,,,,,,,,,,,,,,,,,,,,,,,,,,1995-03-06,,,,,,,,,,,,,,,,,,,,,,,,,,,,,,,,,,,,politician,,
Q7146371,Patrick Dodson,Patrick Dodson,Patrick Dodson,Patrick Dodson,Patrick Dodson,,,,,,,,Patrick Dodson,Pat Dodson,,male,1948-01-29,Patrick,Pat Dodson,,,,,,,,,,13382837,609915,,,,,,,,,,Πάτρικ Ντόντσον,0000 0000 7870 2361,n91107538,087888122,36042422,293882,,,,,,,,,,,,,,,,,,,,,,,,,,,,,,,,,,,,,,,,,,,,,,,,,,,,,,,,,,,,,,,,,,
Q7149687,Paul Calvert,Paul Calvert,Paul Calvert,Paul Calvert,Paul Calvert,,,,,,,Paul Calvert,Paul Calvert,Paul Calvert,,male,1940-01-19,Paul,Paul Calvert,,,,,,,,,,,,,Paul Calvert,,,,,,"Калверт, Пол",,,,,,,,,,,,,,,,,,,,,,,,,,,,,,,,,,,,,,,,,,,,,,,,,,,,,,,,,,,,,,,,,,,,,,,politician,,
Q7152401,Paul McLean,,,Paul McLean,Paul McLean,,,,,,,,Paul McLean,Paul McLean (politician),,male,1937-03-13,Paul,Paul McLean (Australian politician),,,,,,,,,,94141834,,,,,,,,,,,,0000 0000 7905 8088,,,,,,,,,,,,,,,,,,,,,,,,,,,,,,,,,,,,,,,,,,,,,,,,,,,,,,,,,,,,,,,,,,,,,,
Q7164452,Penny Wright,Penny Wright,,Penny Wright,Penny Wright,,,,,Пенни Райт,,,Penny Wright,Penny Wright,,female,1961-01-19,Penny,Penny Wright,,,https://upload.wikimedia.org/wikipedia/commons/4/44/Penny_Wright.jpg,,,Category:Penny Wright,,,,,,,,,,,,,,,,,,,,,,,,,,,,,,,,,,,,,,,,,,,,,,,,,,,,,,,,,,,,,,,,,,,,,,,,,,,,,,,,,,,,,,
Q7172714,Peter Baume,Peter Baume,Peter Baume,Peter Baume,Peter Baume,,,,,,,,Peter Baume,Peter Baume,,male,1935-01-30,Peter,Peter Baume,,,,,,,,,,106239469,,,Peter Baume,,,,,,,,,0000 0000 7901 0471,,,,,,,,,,,,,,,,,,,,,,,,,,,,,,,,,,,,,,,,,,,,,,,,,,,,,,,,,,,,,,,,,,,,physician,,
Q7173773,Peter Durack,Peter Durack,Peter Durack,Peter Durack,Peter Durack,,,,,,,,Peter Durack,Peter Durack,,male,1926-10-20,Peter,Peter Durack,,,https://upload.wikimedia.org/wikipedia/commons/d/d2/Peter_Durack(1948).jpg,,,,,,,78026276,615775,,,,,,,,,,,,,,,,,,,,,,,,,,,,,,,,,,,,,,,,,,,2008-07-13,,,,,,,,,,,,,,,,,,,,,,,,,,,,,,,,,,,,barrister,,
Q7177577,Peter Walsh,Peter Walsh,Peter Walsh,Peter Walsh,Peter Walsh,,,,Peter Walsh,Питер Уолш,,Peter Walsh,Peter Walsh,Peter Walsh (Australian politician),,male,1935-03-11,Peter,Peter Walsh (Western Australian politician),,,https://upload.wikimedia.org/wikipedia/commons/4/49/Peter_Walsh.jpg,,,,,,,94476597,483871,,,,,,,,,nm3985603,,0000 0000 8167 1316,n95051427,,36236567,356447,,,,,,,,Peter Walsh (politiker),,,,Peter Walsh (Australian politician),,,,,,,,,,,,,,,,2015-04-10,,,,,,,,,,,,,,Peter Walsh,,,,120031957,,,,,,,,,,,,,,,,,,politician,,
Q7177677,Peter Whish-Wilson,Peter Whish-Wilson,Peter Whish-Wilson,Peter Whish-Wilson,,,,,,,彼得·威什-威爾森,Peter Whish-Wilson,Peter Whish-Wilson,Peter Whish-Wilson,彼得·威什-威爾森,male,1968-02-24,Peter,Peter Whish-Wilson,,,https://upload.wikimedia.org/wikipedia/commons/8/83/Peter_Whish-Wilson.jpg,,,,,,,,,,,,,,,,,,,,,,,,,,,,,,,,,,,,,,,,,,,,,,,,,,,,,,,,,,,,,,,,,,,,,,,,,,,,,,,,,,,,,,,economist,,
Q7297395,Ray Devlin,,Ray Devlin,Ray Devlin,,,,,,,,,Ray Devlin,Ray Devlin,,male,1926-03-17,Ray,Ray Devlin,,,,,,,,,,,,,,,,,,,,,,,,,,,,,,,,,,,,,,,,,,,,,,,,,,,,,,1995-05-17,,,,,,,,,,,,,,,,,,,,,,,,,,,,,,,,,,,,politician,,
Q7323712,Richard Alston,Richard Alston,Richard Alston,Richard Alston,Richard Alston,,,,,,,,Richard Alston,Richard Alston (politician),,male,1941-12-19,Richard,Richard Alston (politician),Richard Alston,Richard Alston,https://upload.wikimedia.org/wikipedia/commons/1/16/Richard_Alston.jpg,,,,,,,91370208,,,,,,,,,,,,,,,,1911487,,,,,,,,,,,,,,,,,,,,,,,,,,,,,,,,,,,,,,,,,,,,,,,,,,,,,,,,,,,,,,,,diplomat,,
Q7324825,Richard Colbeck,Richard Colbeck,Richard Colbeck,Richard Colbeck,Richard Colbeck,Richard Colbeck,Richard Colbeck,Richard Colbeck,Richard Colbeck,,里察·柯拜克,,Richard Colbeck,Richard Colbeck,里察·柯拜克,male,1958-04-05,Richard,Richard Colbeck,,,https://upload.wikimedia.org/wikipedia/commons/0/02/Richard_Colbeck.jpg,,,,,,,,,,,,,,,,,,,,,,,,,,,,,,,,,,,,,,,,,,,,,,,,,,,,,,,,,,,,,,,,,,,,,,,,,,,,,,,,,,,,,,,,,
Q7341998,Robert Bell,,Robert Bell,Robert Bell,Robert Bell,,,,,,,,Robert Bell,Robert Bell (Australian politician),,male,1950-07-22,Robert,Robert Bell (Australian politician),,,,,,,,,,,1471493,,,,,,,,,,,,,,,,,,,,,,,,,,,,,,,,,,,,,,,,,,,2001-09-05,,,,,,,,,,,,,,,,,,,,,,,,,,,,,,,,,,,,politician,,
Q7349176,Robert Ray,Robert Ray,Robert Ray,Robert Ray,Robert Ray,Robert Ray,Robert Ray,Robert Ray,Robert Ray,Роберт Рэй,,Robert Ray,Robert Ray,Robert Ray (Australian politician),,male,1947-04-08,Robert,Robert Ray (Australian politician),,,,,,,,,,17303090,,,,,,,,,,,,,,032789645,,,,,,,,,,,,,,,,,,,,,,,,,,,,,,,,,,,,,,,,,,,,,12375052v,,,,,,,,,,,,,,,,,,,,,politician,,
Q7351217,Robert Wood,,,Robert Wood,Robert Wood,,,,,,,,Robert Wood,Robert Wood (Australian politician),,male,1949-11-13,Robert,(William) Robert Wood,,,,,,,,,,6277394,,,,,,,,,,,,,,,,,,,,,,,,,,,,,,,,,,,,,,,,,,,,,,,,,,,,,,,,,,,,,,,,,,,,,,,,,,,,,,,,,,
Q7356268,Rod Kemp,Rod Kemp,Rod Kemp,Rod Kemp,Rod Kemp,Rod Kemp,Rod Kemp,Rod Kemp,Rod Kemp,,,,Rod Kemp,Rod Kemp,,male,1944-12-21,Rod,Rod Kemp,,,,,,,,,,48633682,,,,,,,,,,,,,,,,,,,,,,,,,,,,,,,,,,,,,,,,,,,,,,,,,,,,,,,,,,,,,,,,,,,,,,,,,,,,,,,,,,
Q7363550,Ron Boswell,Ron Boswell,Ron Boswell,Ron Boswell,Ron Boswell,,,,,,,Ron Boswell,Ron Boswell,Ron Boswell,,male,1940-12-09,Ron,Ron Boswell,,,https://upload.wikimedia.org/wikipedia/commons/a/a4/Ron_Boswell_in_the_Senate.jpg,,,,,,,,,,,http://www.ronboswell.com,,,,,,,,,,,,,,/m/035kfb,,,,,,,,,,,,,,,,,,,,,,,,,,,,,,,,,,,,,,,,,,,,,,,,,,,,,,,,,,,,,,politician,,
Q7368342,Rosemary Crowley,Rosemary Crowley,Rosemary Crowley,Rosemary Crowley,Rosemary Crowley,,,,,,,Rosemary Crowley,Rosemary Crowley,Rosemary Crowley,,female,1938-07-30,Rosemary,Rosemary Crowley,,,https://upload.wikimedia.org/wikipedia/commons/c/cd/Rosemary_Crowley.jpg,,,,,,,93229961,,,,,,,,,,,,,,,,,,,,,,,,,,,,,,,,,,,,,,,,,,,,,,,,,,,,,,,,,,,,,,,,,,,,,,,,,,,,,,,,politician,,
Q7369472,Ross Lightfoot,Ross Lightfoot,Ross Lightfoot,Ross Lightfoot,Ross Lightfoot,,,,,,,,Ross Lightfoot,Ross Lightfoot,,male,1936-08-11,Ross,Ross Lightfoot,,,,,,,,,,,,,Ross Lightfoot,,,,,,,,,,,,,,,,,,,,,,,,,,,,,,,,,,,,,,,,,,,,,,,,,,,,,,,,,,,,,,,,,,,,,,,,,,,,,,,
Q7381834,Russell Trood,Russell Trood,Russell Trood,Russell Trood,Russell Trood,,,,,,,,Russell Trood,Russell Trood,,male,1948-12-05,Russell,Russell Trood,,,,,,,,,,67913687,,,Russell Trood,,,,,,,,,0000 0000 6367 7386,,,,,,,,,,,,,,,,,,,,,,,,,,,,,,,,,,,,,,,,,,,,,,,,,,,,,,,,,,,,,,,,,,,,,,
Q7383258,Ruth Webber,Ruth Webber,Ruth Webber,Ruth Webber,Ruth Webber,Ruth Webber,Ruth Webber,Ruth Webber,Ruth Webber,,,Ruth Webber,Ruth Webber,Ruth Webber,,female,1965-03-24,Ruth,Ruth Webber,,,,,,,,,,,,,,,,,,,,,,,,,,,,,,,,,,,,,,,,,,,,,,,,,,,,,,,,,,,,,,,,,,,,,,,,,,,,,,,,,,,,,,,,,,politician,,
Q7420540,Santo Santoro,Santo Santoro,Santo Santoro,Santo Santoro,Santo Santoro,,,,,,,,Santo Santoro,Santo Santoro,,male,1956-04-27,Santo,Santo Santoro,,,"https://upload.wikimedia.org/wikipedia/commons/c/c2/Santo_Santoro,_Liberal_party_member_of_the_Australian_Senate_in_2005.jpg",,,,,,,61014556,,,Santo Santoro,,,,,,,,,,,,,,,,,,,,,,,,,,,,,,,,,,,,,,,,,,,,,,,,,,,,,,,,,,,,,,,,,,,,,,,,,,,,,,,
Q7437180,Scott Ryan,,Scott Ryan,Scott Ryan,Scott Ryan,,,,,,斯科特·瑞安,,Scott Ryan,Scott Ryan (Australian politician),斯科特·瑞安,male,1973-05-12,Scott,Scott Ryan (Australian politician),,,https://upload.wikimedia.org/wikipedia/commons/0/01/Malcolm_Turnbull_at_the_Pentagon_2016_cropped.jpg,,,,,,,,,,,,,,,,,,,,,,,,,,,,,,,,,,,,,,,,,,,,,,,,,,,,,,,,,,,,,,,,,,,,,,,,,,,,,,,,,,,,,,,politician,,
Q7440972,Sean Edwards,,Sean Edwards,Sean Edwards,Sean Edwards,,,,,Шон Эдвардс,肖恩·愛德華斯,,Sean Edwards,Sean Edwards (politician),肖恩·愛德華斯,male,1962-01-02,Sean,Sean Edwards (politician),,,https://upload.wikimedia.org/wikipedia/commons/4/49/Senator_Sean_Edwards_(2015).jpg,,,,,,,,,,,,,,,,,,,,,,,,,,,,,,,,,,,,,,,,,,,,,,,,,,,,,,,,,,,,,,,,,,,,,,,,,,,,,,,,,,,,,,,winegrower,,
Q7491713,Shayne Murphy,,Shayne Murphy,Shayne Murphy,Shayne Murphy,,,,,,,,Shayne Murphy,Shayne Murphy,,male,1952-01-08,,Shayne Murphy,,,,,,,,,,92595688,527265,,,,,,,,,,,,,,,,,,,,,,,,,,,,,,,,,,,,,,,,,,,,,,,,,,,,,,,,,,,,,,,,,,,,,,,,,,,,,,,politician,,
Q7498881,Shirley Walters,Shirley Walters,Shirley Walters,Shirley Walters,Shirley Walters,,,,,,,Shirley Walters,Shirley Walters,Shirley Walters,,female,1925-08-31,Shirley,Shirley Walters,,,,,,,,,,94638217,626095,,,,,,,,,,,,,,,,,,,,,,,,,,,,,,,,,,,,,,,,Shirley Walters,Shirley Walters,,,,,,,,,,,,,,,,,,,,,,,,,,,,,,,,,,,,,,politician,,
Q7518284,Simon Birmingham,Simon Birmingham,Simon Birmingham,Simon Birmingham,Simon Birmingham,,,,,,西蒙·伯明翰,,Simon Birmingham,Simon Birmingham,西蒙·伯明翰,male,1974-06-14,Simon,Simon Birmingham,Simon Birmingham,Simon Birmingham,https://upload.wikimedia.org/wikipedia/commons/1/16/Simon_Birmingham.jpg,,,,,,,305131579,,,Simon Birmingham,,,,,,,,,,,,,,,,,,,,,,,,,,,,,,,,,,,,,,,,,,,,,,,,,,,,,,,,,,,,,,,,,,,,,,,,,,,,,,,
Q7609817,Stephen Loosley,,Stephen Loosley,Stephen Loosley,Stephen Loosley,,,,,,,,Stephen Loosley,Stephen Loosley,,male,1952-12-29,Stephen,Stephen Loosely,,,,,,,,,,94124820,,,,,,,,,,,,,,,,,,,,,,,,,,,,,,,,,,,,,,,,,,,,,,,,,,,,,,,,,,,,,,,,,,,,,,,,,,,,,,,,politician,,
Q7610200,Stephen Parry,Stephen Parry,,Stephen Parry,Stephen Parry,,,,,"Пэрри, Стивен",斯蒂芬·帕瑞,,Stephen Parry,Stephen Parry (politician),斯蒂芬·帕瑞,male,1960-10-31,Stephen,Stephen Parry (politician),,,https://upload.wikimedia.org/wikipedia/commons/2/20/Stephen_Parry.jpg,,,,,,,,,,,,,Stephen Parry (homme politique),,,"Пэрри, Стивен",,,,,,,,,,,,,,,,,,,,,,,,,,,,,,,,,,,,,,,,,,,,,,,,,,,,,,,,,,,,,,,,,,,,,,,,,
Q7634188,Sue Mackay,Sue Mackay,Sue Mackay,Sue Mackay,Sue Mackay,,,,,,,Sue Mackay,Sue Mackay,Sue Mackay,,female,1960-04-14,Sue,Sue Mackay,,,,,,,,,,,,,,,,,,,,,,,,,,,,,,,,,,,,,,,,,,,,,,,,,,,,,,,,,,,,,,,,,,,,,,,,,,,,,,,,,,,,,,,,,,politician,,
Q7634332,Sue West,Sue West,Sue West,Sue West,Sue West,,,,,,,Sue West,Sue West,Sue West,,female,1947-08-21,Sue,Suzanne West,,,,,,,,,,91730023,,,,,,,,,,,,,,,,,,,,,,,,,,,,,,,,,,,,,,,,,,,,,,,,,,,,,,,,,,,,,,,,,,,,,,,,,,,,,,,,politician,,
Q7648077,Susan Knowles,Susan Knowles,Susan Knowles,Susan Knowles,Susan Knowles,,,,,,,Susan Knowles,Susan Knowles,Susan Knowles,,female,1951-04-10,Susan,Susan Knowles,,,,,,,,,,,,,,,,,,,,,,,,,,,,,,,,,,,,,,,,,,,,,,,,,,,,,,,,,,,,,,,,,,,,,,,,,,,,,,,,,,,,,,,,,,politician,,
Q7648344,Susan Ryan,Susan Ryan,Susan Ryan,Susan Ryan,Susan Ryan,,,,,,,Susan Ryan,Susan Ryan,Susan Ryan,,female,1942-10-10,Susan,Susan Ryan,,,,,,,,,,16002408,618663,,,,,,,,,,,,,,,450072,,,,,,,,,,,,,,,,,,,,,,,,,,,,,,,,,,,,,,,,,,,,,,,,,,,,,,,,,,,,,,,,politician,,
Q7704068,Terry Aulich,,Terry Aulich,Terry Aulich,Terry Aulich,,,,,,,,Terry Aulich,Terry Aulich,,male,1945-10-05,Terry,Terry Aulich,,,,,,,,,,43094367,,,,,,,,,,,,,,,,,,,,,,,,,,,,,,,,,,,,,,,,,,,,,,,,,,,,,,,,,,,,,,,,,,,,,,,,,,,,,,,,politician,,
Q773848,Robert Hill,Robert Hill,Robert Hill,Robert Hill,Robert Hill,,,,,Роберт Хилл,,,Robert Hill,Robert Hill (Australian politician),,male,1946-09-25,Robert,Robert Hill (Australian politician),Robert Murray Hill,Robert Murray Hill,https://upload.wikimedia.org/wikipedia/commons/5/58/Robert_Hill_(1).jpg,Hill,,,,,,95023831,,,,,,,,,,,,,,,,1914166,,,,,,,,,,,,,,,,,,,,,,,,,,,,,,オーストラリア国防軍,,,,,,,,,,,,,,,,,,,,,,,,,,,,,,,,734/000055569,,diplomat,,
Q7818027,Tom Wheelwright,Tom Wheelwright,Tom Wheelwright,Tom Wheelwright,Tom Wheelwright,,,,,,,Tom Wheelwright,Tom Wheelwright,Tom Wheelwright,,male,1953-04-29,Tom,Tom Wheelwright,,,,,,,,,,,,,,,,,,,,,,,,,,,,,,,,,,,,,,,,,,,,,,,,,,,,,,,,,,,,,,,,,,,,,,,,,,,,,,,,,,,,,,,,,,politician,,
Q7822968,Tony Messner,,Tony Messner,Tony Messner,Tony Messner,,,,,,,,Tony Messner,Tony Messner,,male,1939-09-24,Tony,Tony Messner,,,,,,,,,,,,,,,,,,,,,,,,,,,,,,,,,,,,,,,,,,,,,,,,,,,,,,,,,,,,,,,,,,,,,,,,,,,,,,,,,,,,,,,,,,politician,,
Q7849493,Tsebin Tchen,Tsebin Tchen,Tsebin Tchen,Tsebin Tchen,Tsebin Tchen,,,,,,,Tsebin Tchen,Tsebin Tchen,Tsebin Tchen,,male,1940-03-10,,Tsebin Tchen,,,,,,,,,,,,,Tsebin Tchen,,,,陈之彬,,,,,,,,,,,,,,,,,,,,,,,,,,,,,,,,,,,,,,,,,,,,,,,,,,,,,,,,,,,,,,,,,,,,,,,,,urban planner,,
Q7901281,Ursula Stephens,Ursula Stephens,Ursula Stephens,Ursula Stephens,Ursula Stephens,,,,,,,Ursula Stephens,Ursula Stephens,Ursula Stephens,,female,1954-07-07,Ursula,Ursula Stephens,,,,,,,,,,,,,Ursula Stephens,,,,,,,,,,,,,,,,,,,,,,,,,,,,,,,,,,,,,,,,,,,,,,,,,,,,,,,,,,,,,,,,,,,,,,,,,,,,,politician,,
Q7925375,Vicki Bourne,Vicki Bourne,Vicki Bourne,Vicki Bourne,Vicki Bourne,,,,,,,,Vicki Bourne,Vicki Bourne,,female,1954-10-22,Vicki,Vicki Bourne,,,,,,,,,,,,,,,,,,,,,,,,,,,,,,,,,,,,,,,,,,,,,,,,,,,,,,,,,,,,,,,,,,,,,,,,,,,,,,,,,,,,,,,,,,,,
Q8026072,Winston Crane,,Winston Crane,Winston Crane,Winston Crane,,,,,,,,Winston Crane,Winston Crane,,male,1941-08-21,Winston,Winston Crane,,,,,,,,,,92195646,,,,,,,,,,,,,,,,,,,,,,,,,,,,,,,,,,,,,,,,,,,,,,,,,,,,,,,,,,,,,,,,,,,,,,,,,,,,,,,,politician,,
Q8068367,Zed Seselja,Zed Seselja,,Zed Seselja,Zed Seselja,,,,,,澤德·薩撒加,,Zed Seselja,Zed Seselja,澤德·薩撒加,male,1977-03-27,Zed,Zed Seselja,,,https://upload.wikimedia.org/wikipedia/commons/e/e2/Zed_Seselja.jpg,,,,,,,,1537752,,,,,,,,,,,,,,,,,,,,,,,,,,,,,,,,,,,,,,,,,,,,,,,,,,,,,,,,,,,,,,,,,,,,,,,,,,,,,,,independent politician,,
Q964840,Eric Abetz,Eric Abetz,Eric Abetz,Eric Abetz,Eric Abetz,,,,,,埃瑞克·阿貝茨,Eric Abetz,Eric Abetz,Eric Abetz,埃瑞克·阿貝茨,male,1958-01-25,Eric,Eric Abetz,Eric Abetz,Eric Abetz,https://upload.wikimedia.org/wikipedia/commons/5/56/Eric_Abetz.jpg,,,,,,,,,Eric Abetz,,,,,,,,,,,,,,,,/m/02zcrc,,,,,,,,,,,,,,,,,,,,,,,,,,,,,,,,,,,,,,,,,,,,,,,,,,,,,,,,,,,,,,lawyer,,
