name,id
Abas Agaba,d62eb222-190e-49a8-9b09-21ad56bf8581
Abdi Fadhil Kisos Chemaswet,672152be-576f-4c1a-aedc-3965474b044d
Abdi Fadhil Kisos Chemaswet,abdi_fadhil_kisos_chemaswet
Abdu Katuntu,abdu_katuntu
Abdu Katuntu,c99d060b-175e-4d41-94d7-ef8f343aaca0
Abdu Latif Sengendo Ssebaggala,abdu_latif_sengendo_ssebaggala
Abdu Latif Sengendo Ssebaggala,e1aad89c-208e-48e9-885a-253be2e9fc9d
Aboud Kitatta,1f7bcea3-68e1-4728-a9c5-66ac4cbc2b0f
Aboud Kitatta,aboud_kitatta
Abraham Byandaala,2ac311b6-7b4f-4fbb-bd8c-27da8ba2b11c
Abraham James Byandala,2ac311b6-7b4f-4fbb-bd8c-27da8ba2b11c
Abraham James Byandala,abraham_james_byandala
Abwooli Tomson Kyahurwenda,abwooli_tomson_kyahurwenda
Adison Kakuru,adison_kakuru
Adolf Kasaija Mwesige,12e691d3-e0c0-4752-a1de-c075fb8180e5
Adolf Kasaija Mwesige,adolf_kasaija_mwesige
Adolf Mwesige,12e691d3-e0c0-4752-a1de-c075fb8180e5
Aggrey Bagiire,2c4f9d45-f051-4404-a53b-fa1f49354060
Aggrey Henry Bagiire,aggrey_henry_bagiire
Agnes Akiror,40f7b261-76e0-4944-97b4-1865067f349a
Agnes Ameede,1c2a802d-235c-4665-b9a0-cf53197ac270
Agnes Egunyu Akiror,40f7b261-76e0-4944-97b4-1865067f349a
Agnes Egunyu Akiror,agnes_egunyu_akiror
Agnes Kunihira,58306424-0731-4bc0-9a41-48df363b6c51
Agnes Nabirye,agnes_nabirye
Agnes Nabirye,b6b3483d-6dc3-4b4e-b762-ade102157a77
Agnes Wejuli Taaka,3780e89d-dcd4-41f1-bae8-17e2c328e726
Ahmed Awongo,90f6786f-acd1-45a0-9ec1-6167e7be1e2e
Ahmed Awongo,ahmed_awongo
Aidah Nantaba,0098f5ca-0cb0-4aaa-a54f-7f18a41e386a
Aimat Peter Lokeris,5da75bfc-b0ba-4e5b-b2cf-814c75a387ff
Aimat Peter Lokeris,aimat_peter_lokeris
Aisha Ssekindi,eb9cc7ec-0ca0-4e3d-ab88-59bd2e056f9d
Akisoferi Michael Ogola,akisoferi_michael_ogola
Albert Charles Okello Oduman,albert_charles_okello_oduman
Albert Lokoroi,ae2287c0-eaa5-40d9-a883-d2e156983aac
Alex Bakunda Byarugaba,alex_bakunda_byarugaba
Alex Bakunda Byarugaba,d467b8bd-7211-479b-ba66-e276724ce624
Alex Kamugisha,alex_kamugisha
Alex Mungoma Musingo Burundo,c252e3e1-697c-4858-a654-bd14fac73f48
Alex Ndeezi,35b0fd49-1df3-458b-ab58-089c14adf3fd
Alex Ndeezi,alex_ndeezi
Alex Okot,alex_okot
Alex Onzima,39cd0a76-8a19-4e1e-ac6e-5a8903f6e84b
Alex Onzima Aadroa,39cd0a76-8a19-4e1e-ac6e-5a8903f6e84b
Alex Onzima Aadroa,alex_onzima_aadroa
Alex Ruhunda,alex_ruhunda
Alex Ruhunda,c02b9517-1107-4fc3-90f0-ca4eb8af055b
Alice Asianut Alaso,alice_asianut_alaso
Alice Asianut Alaso,dfc75d46-0ebe-4ef2-a9ed-be6d0b67e177
Allan Ssewanyana,831e50fc-de7e-4ea8-a43c-965dbc18bb78
Amama Mbabazi,8fa89819-6bec-438f-9b29-a4dbfcfb4e79
Amasi Pataki,amasi_pataki
Amelia Anne Kyambadde,55b48caf-3df8-4bec-8948-c89b4915773e
Amelia Anne Kyambadde,amelia_anne_kyambadde
Amelia Kyambadde,55b48caf-3df8-4bec-8948-c89b4915773e
Amon-Reeves.M Kabareebe,amon-reeves.m_kabareebe
Amos Lugoloobi,7fc1b51f-7f08-4ad6-b2b7-0f485801ebae
Amos Lugoloobi,amos_lugoloobi
Amos Mandera,5f1955b8-eb91-4b99-b901-3c7ecfff0411
Amos Mandera,amos_mandera
Andrew Aja Baryayanga,884e0cd0-b131-4e1e-87fe-2a4b9b8ff081
Andrew Aja Baryayanga,andrew_aja_baryayanga
Andrew Allen,andrew_allen
Andrew Allen,efeb0f9e-feac-44ee-8653-32c999bb451d
Andrew Gutti,andrew_gutti
Andrew Kaluya Kiiza,5a3b08e7-6341-4be6-83e1-d4af981386ee
Andrew Martial,beff97b8-5ca9-42fc-b0a9-2cc403196134
Angelline Osegge,angelline_osegge
Angelline Osegge,c8031709-d884-43e1-8f4a-aa4217737346
Angupale Aanimu,angupale_aanimu
Anifa Kawooya Bangirana,5d40efb0-89b9-4f0f-a3ed-415dc6ca78d0
Anifa Kawooya Bangirana,anifa_kawooya_bangirana
Ann Maria Nankabirwa,8245b4a0-a69c-4545-961d-e61b62fab563
Ann Maria Nankabirwa,ann_maria_nankabirwa
Anna Adeke Ebaju,336fc150-f14c-43f9-abe9-35fc8985ad93
Anne Auru,anne_auru
Anne Auru,d743c0e4-a04c-4294-ad6f-bd4468d1d635
Anne Mary Tumwine,44b9b4f1-cedb-4aee-8c92-de97bdbf1a61
Annette Mukabera,annette_mukabera
Annie Logiel,4721d2a0-3e22-4fe7-9d1e-debb4ab8da71
Annita Annet Among,6a925516-82f8-45f7-a69b-059083e25fc2
Anthony Akol,fab1b36d-7a25-4bbd-8603-9afa888de022
Anthony Harris Mukasa,anthony_harris_mukasa
Anthony Okello,anthony_okello
Anthony Okello,deb681f4-8a13-4910-bc98-aa7467623b63
Anthony Ssemmuli,ac6d07a8-a68f-45d1-8c52-2d6d9c490cf1
Anthony Ssemmuli,anthony_ssemmuli
Anthony Yiga,anthony_yiga
Anywar Beatrice Atim,0a270996-670f-47c6-8241-256e8c72538c
Anywar Beatrice Atim,anywar_beatrice_atim
Aparite Paul Lokeris,aparite_paul_lokeris
Apollo Katinti,1d062ad0-78ec-44ea-bddd-a598c53e4832
Apollo Masika,68f72889-3e65-49d2-b7f5-dbbfabc6d305
Apolo Robin Nsibambi,apolo_robin_nsibambi
Aporu Christine Hellen Amongin,791ca6cc-1f84-4ff5-afee-5cf22abf9163
Aporu Christine Hellen Amongin,aporu_christine_hellen_amongin
Araali Henry Basaliza,araali_henry_basaliza
Ark Lodou Ael,ark_lodou_ael
Aronda Nyakairima,c1a16ef2-c93c-4a54-b509-40f70fe911cd
Asanasio Kayizzi,asanasio_kayizzi
Ashraf Noah Olega,ashraf_noah_olega
Ashraf Olega,09cbe9f8-581f-48fb-bf04-5724244419c8
Aston Kajara,1e6879e4-880b-403e-b8cf-da1a8fee30da
Aston Peterson Kajara,1e6879e4-880b-403e-b8cf-da1a8fee30da
Aston Peterson Kajara,aston_peterson_kajara
Asuman Kiyingi,0841802e-9f76-401e-b0ea-a2cf9ece2206
Asuman Kiyingi,asuman_kiyingi
Atuku Bigombe Betty,1cf1feba-42fe-4c74-8bda-514ebcfde5c8
Augustine Ruzindana,augustine_ruzindana
Avitus Tibarimbasa,avitus_tibarimbasa
Awor Betty Engola,03cf8407-5835-40c2-a598-22fb1d4650ce
Awuzu Andruale,awuzu_andruale
Ayumu Jovino Akaki,ayumu_jovino_akaki
B'Leo Ojok,b'leo_ojok
Babiha Jane Alisemera,babiha_jane_alisemera
Badhul Katongole,badhul_katongole
Bagaya Grace Bukenya Tubwita,bagaya_grace_bukenya_tubwita
Baker Ssali,04007f02-1cef-4c34-a147-8d02cff1a389
Baker Ssali,baker_ssali
Bakoru Zoe Bakoko,bakoru_zoe_bakoko
Balibaseka Gilbert Bukenya,21bb3f66-4105-4eec-a5e5-05241d3ea1bb
Balibaseka Gilbert Bukenya,balibaseka_gilbert_bukenya
Baltazar Kyamanywa Kasirivu-Atwooki,9a0cf10d-e534-40a3-9fc2-d3eea61b1048
Baltazar Kyamanywa Kasirivu-Atwooki,baltazar_kyamanywa_kasirivu-atwooki
Balunzi Janat Mukwaya,balunzi_janat_mukwaya
Barbara Oundo Nekesa,477ae1d5-ef35-4153-807c-905f6177c40d
Barbara Oundo Nekesa,barbara_oundo_nekesa
Barnabas Ateenyi Tinkasiimire,7a2946b6-cb3f-47e9-8b47-eb445c01da72
Barnabas Ateenyi Tinkasiimire,barnabas_ateenyi_tinkasiimire
Bbosa Kenneth Joseph Kiyingi,308e7a86-ed7e-41b5-a39d-c465d66692b8
Bbosa Kenneth Joseph Kiyingi,bbosa_kenneth_joseph_kiyingi
Beatrice Atim Anywar,0a270996-670f-47c6-8241-256e8c72538c
Beatrice Lagada Amongi,beatrice_lagada_amongi
Beatrice Mpairwe,96f69413-14ed-4dce-b8fd-127c716b3b2e
Beatrice Mpairwe,beatrice_mpairwe
Beatrice Rusaniya Namala Barumba,49dbb050-63c7-41ae-84e8-2b01c0e2e2ea
Beatrice Rusaniya Namala Barumba,beatrice_rusaniya_namala_barumba
Beatrice Rwakimari,beatrice_rwakimari
Beatrice Rwakimari,eca85415-2975-4070-983e-afcb6bb13ce0
Ben Wacha,ben_wacha
Benard Atiku,28eb43cb-ffef-4c9d-8289-cc51bb72f385
Benard Atiku,benard_atiku
Benard Mulengani,benard_mulengani
Benedict Etonu,benedict_etonu
Benigna Mukiibi,benigna_mukiibi
Benjamin Cadet,9d1840ec-70a4-4acc-8c0b-4b97e817045d
Benjamin Cadet,benjamin_cadet
Benny Bugembe Namugwanya,benny_bugembe_namugwanya
Benny Bugembe Namugwanya,f303f7cc-1fca-4ed3-b2ee-a73b37dd74c5
Beti Olive Namisango Turwomwe Kamya,beti_olive_namisango_turwomwe_kamya
Betty Ahimbisibwe Mbabazi,96e8cfc5-32ca-4abe-819d-f87bb99f103a
Betty Ahimbisibwe Mbabazi,betty_ahimbisibwe_mbabazi
Betty Ocan Aol,69e7b935-9529-43de-ad04-3d20be72db91
Betty Ocan Aol,betty_ocan_aol
Betty Ongom Amongi,betty_ongom_amongi
Betty Ongom Amongi,c7d7bfd5-1b90-4d2c-955e-f1298aa39066
Bihande Yokasi Bwambale,bihande_yokasi_bwambale
Bihande Yokasi Bwambale,f8be1375-eac1-4201-b9a9-5c91b8cedb29
Birungi Beatrice Kiraso,birungi_beatrice_kiraso
Birungi Carolyn Nanyondo,890b0189-a39b-4c3b-940c-4e4048ea1bc9
Birungi Carolyn Nanyondo,birungi_carolyn_nanyondo
Bitamazire Geraldine Namirembe,bitamazire_geraldine_namirembe
Boaz Kafuda,49e439c0-834f-460d-95af-e37f8e6a0767
Boaz Kafuda,boaz_kafuda
Boaz Kasirabo Ninsiiima,ce64267a-3fd8-4ba8-b922-70641a2889d7
Boliba James Baba,4cb43bab-faf4-4ee4-b9e9-8bb64d803b42
Boliba James Baba,boliba_james_baba
Boniface Desales Okello,a3f864c4-35c3-4172-a3ea-3cd5326b4c66
Brenda Nabukenya,64b059b3-037b-4f34-af4e-562ac19d643b
Brenda Nabukenya,brenda_nabukenya
Brian Chris Asiimwe,brian_chris_asiimwe
Bright Kanyontore Rwamirama,bright_kanyontore_rwamirama
Bright Kanyontore Rwamirama,c7125835-2b33-41d4-9e81-02ea46b518c2
Bright Rwamirama,c7125835-2b33-41d4-9e81-02ea46b518c2
Bruno Pajobo,bruno_pajobo
Bulima Wilberforce Nabwiso,bulima_wilberforce_nabwiso
Bwambale Harold,4c6a1dcc-a014-49a7-bab0-bd5c19c5c9bd
Bwambale Loyce Biira,bwambale_loyce_biira
Byakatonda Janat Namuyangu,byakatonda_janat_namuyangu
Byaruhanga Philip Bazaale,byaruhanga_philip_bazaale
Byatike Matovu,byatike_matovu
Capt. Evelyn Assimwe,c9f21a18-4280-4d87-92f6-5fc23bbd23e9
Capt. Suzan Lakot,b550c875-e797-4ec9-8d22-75dec1d3c3eb
Caroline Okao Amali,4cdf8aa7-b64e-4b1b-995d-73d69811d718
Caroline Okao Amali,caroline_okao_amali
Casbert Abigaba,1e764277-5462-4d29-97cb-edd35aeb9d1d
Catheline Atwkiire Ndamira,d07e39c4-40d7-4b2f-ac60-22df374a7326
Cd Oketayot Lowila,b392ac8b-2fcd-443b-aea4-496b39d8bed3
Cd Oketayot Lowila,cd_oketayot_lowila
Cecilia Ogwal,40177b13-fcef-4b8e-b7c1-6248d587dd05
Charles Angina,b0491947-a005-471f-a397-ea8f26e492f2
Charles Angina,charles_angina
Charles Angiro Gutumoi,9fc9fcb4-a359-4f6e-8e47-73b919456a6a
Charles Bakabulindi,97ea981b-f358-4ed8-8690-1c3ebbafe00a
Charles Bakabulindi,charles_bakabulindi
Charles Bakkabulindi,97ea981b-f358-4ed8-8690-1c3ebbafe00a
Charles Byaruhanga,charles_byaruhanga
Charles Illukori,2ac9dd25-ed32-454a-bddf-85e60314b9fc
Charles Ngabirano,ab0bf20b-a867-462b-9d3a-e1a258cac483
Charles Ngabirano,charles_ngabirano
Charles Ojok Oleny,charles_ojok_oleny
Charles Okello P. Engola Macodwogo,3855edee-a54e-4eda-9e1d-1aaa19718eab
Charles Peter Koluo,charles_peter_koluo
Charles Willy Ekemu,charles_willy_ekemu
Chelangat Everline Tete,966d47af-d7a8-4bf8-90c6-db85ef1575cc
Chelangat Everline Tete,chelangat_everline_tete
Chris Baryomunsi,b6d9f4b3-d209-4b06-ad8b-823ccb0dd7ef
Chris Baryomunsi,chris_baryomunsi
Chrispus Walter Bazarrabusa Kiyonga,3105ea56-d3d4-453d-9853-0e7af1028e4b
Chrispus Walter Bazarrabusa Kiyonga,chrispus_walter_bazarrabusa_kiyonga
Christine Abia Bako,806afc49-f104-409a-86c5-337e7a4c697b
Christine Abia Bako,christine_abia_bako
Christine Acen Ayo,792956cb-9235-4d29-9921-7ccf460492ea
Christine Amongin Aporu,791ca6cc-1f84-4ff5-afee-5cf22abf9163
Christine Cwinya-Ai Acayo,christine_cwinya-ai_acayo
Christine Cwinya-Ai Acayo,ee8127fd-c426-444c-840f-b3c9d94ec87d
Christine Tubbo Nakwang,christine_tubbo_nakwang
ChristineTudo,563ea22f-ee65-4718-9982-3570b503d88d
Christopher Acire,christopher_acire
Christopher Acire,dcbd419c-7628-4b9b-9826-fa13c336d48c
Christopher Kalemba,de0a6ddf-01ba-4f19-a02b-a797a327a446
Christopher Kipterit Akorikimoi,5a15929b-18f8-4d6e-a637-53b1bc019068
Christopher M. Kibanzanga,christopher_m._kibanzanga
Christopher Mbalibulha Kibanzaga,3cdb198f-fa9c-4228-828e-f58fbaf14a39
Cissy Dionizia Namujju,e7bfee83-62c9-44fa-a0cf-6b364a6d0553
Col. Felix Kulayigye,25c87581-6af8-4e03-9b19-2a82e53af7ec
Col. Francis Takirwa,adef5f99-c15c-43bf-ba6c-d43ebb62ce2c
Concy Aciro,concy_aciro
Connie Galiwango Nakayenze,connie_galiwango_nakayenze
Connie Galiwango Nakayenze,e1596125-bed0-4aea-91a4-50eedd660fe8
Cos Bataringaya Kamanda,6dbf44eb-4f0f-45b5-b40c-6f18e9f90a28
Cos Bataringaya Kamanda,cos_bataringaya_kamanda
Cosmas Elotu,d794580f-a6ed-4b76-95f3-1f3c230501d0
Cosmas Mafabi W. Busima,cosmas_mafabi_w._busima
Crispus Kiyonga,3105ea56-d3d4-453d-9853-0e7af1028e4b
Cyrus Imalingat Amodoi,4cb434e5-fe03-421e-9b8a-a621974762df
Cyrus Imalingat Amodoi,cyrus_imalingat_amodoi
D. Alex Penytoo Oceng,d._alex_penytoo_oceng
Daniel Fred Kidega,daniel_fred_kidega
Daniel Muhairwe,e9e5f0fc-1fb1-4f21-9ea2-ac6ddd7d1960
Daudi Migereko,15131a9e-716f-457d-a84d-9991f0af50ce
Daudi Migereko,daudi_migereko
David Abala,61857846-f1eb-409c-9468-0723ff89e9fb
David Bahati,david_bahati
David Bahati,f4b28bb4-2dce-4c62-823c-393ff0393532
David Ebong,david_ebong
David Guma Gumisiriza,bf6039c8-b1be-4011-bd05-26215337a731
David Kalwanga,f52bdcc5-aea8-46ef-96f3-d02646a7f5e6
David Karubanga,5d795867-7558-4521-9a0d-99b3e0095c99
David Martin Orech,david_martin_orech
David Matovu,david_matovu
David Muhumuza,59e87b24-7e21-45ef-83db-86dee64cfdf7
David Muhumuza,david_muhumuza
David Ochwa,450da067-17c6-4356-9ae9-15ab1d5e135d
David Ochwa,david_ochwa
David Ronnie Mutebi,27bdf550-55ed-45a1-8625-af8e333c2b7a
David Sejusa,david_sejusa
David Wakikona,8bdfb839-11a5-4162-9f89-cb207e4fafa6
Denis Galabuzi,2fbf6535-47cc-479d-b2d7-3e7cb6036364
Denis Hamson Obua,0d99eff8-6a12-40a1-8978-03ff32a9447b
Denis Hamson Obua,denis_hamson_obua
Denis Sabiiti,af3d8644-1b8a-45da-b925-5cfaa0b97111
Deogratius Kiyingi,64664cd2-808f-4a51-89e5-c6e774c8395e
Deogratius Kiyingi,deogratius_kiyingi
Didi Agard,didi_agard
Dinah Grace Akello,dinah_grace_akello
Diri Margaret Baba,4ebb2ab5-596d-4946-a3c7-7db3aefb81ee
Diri Margaret Baba,diri_margaret_baba
Donozio Kahonda,1b3cc4b9-1ced-48f8-9b89-48e28e614689
Dora Byamukama,dora_byamukama
Doreen Amule,3591dfd7-8e9a-4294-9572-56b96e144b76
Dorothy Christine Mpiima,dorothy_christine_mpiima
Dorothy Christine Mpiima,ebebc0fc-13b5-4a81-8908-1661d78334a9
Dorothy Kabaraitsya Nshaija,13053701-bbdb-45be-a9da-d89108ab5c91
Dorothy Kabaraitsya Nshaija,dorothy_kabaraitsya_nshaija
Eddie Wa Gahungu Kwizera,a8097f55-d815-4539-b0a3-ca9ae53fb6f2
Eddie Wa Gahungu Kwizera,eddie_wa_gahungu_kwizera
Edward Baliddawa,30242c9a-9d04-4f98-9753-4f7a225aac34
Edward Baliddawa,edward_baliddawa
Edward Francis Babu,edward_francis_babu
Edward Kiwanuka Ssekandi,7c91ccc9-c837-4a5e-b2e9-86c1725ad207
Edward Kiwanuka Ssekandi,edward_kiwanuka_ssekandi
Edward Otto Makmot,9f784bc9-e33c-47e3-82e8-1b21febeaf98
Edward Sembatya,e96a5431-191f-4f84-8189-347b84119832
Edward Ssekandi,7c91ccc9-c837-4a5e-b2e9-86c1725ad207
Elijah Okupa,elijah_okupa
Elijah Okupa,f9023e47-ea36-4c08-9f13-49131e535ebb
Elioda Tumwesigye,9faa9a4b-982a-44d0-bbb3-fbcae22642cf
Elioda Tumwesigye,elioda_tumwesigye
Elizabeth Karungi,0a045bbf-4b55-42fb-a7ce-a12e233aca3a
Elizabeth Karungi,elizabeth_karungi
Elly Elias Asiku,5642344c-560c-43b9-ae04-baf2e71681e1
Elly Kayanja,elly_kayanja
Elly Tuhirirwe Tumwine,23e1ccc2-4234-480c-840b-1b21baad51a6
Elly Tuhirirwe Tumwine,elly_tuhirirwe_tumwine
Elly Tumwine,23e1ccc2-4234-480c-840b-1b21baad51a6
Elyanu John Eresu,elyanu_john_eresu
Emanuel Kalule Sengo,9e2b2b5b-d148-45a0-9954-5fe5abce0c0e
Emma Boona,cd26d45f-3924-45e9-988b-67746670d9da
Emma Boona,emma_boona
Emmanuel Lumala Dombo,c192e1b7-1329-4314-9161-7a5347fa26ac
Emmanuel Lumala Dombo,emmanuel_lumala_dombo
Emmanuel Ongiertho,2e4cbddb-5cf5-4c90-9b5a-4dbd9d6eba18
Epak Yefusa Okullo,epak_yefusa_okullo
Ephraim Ganshanga Biraaro,10563c77-0030-4220-945e-0c0fd157b63d
Ephraim Ganshanga Biraaro,ephraim_ganshanga_biraaro
Ephraim Kamuntu,c6b27979-8e5a-43d2-879d-eac12dfe850b
Ephraim Kamuntu,ephraim_kamuntu
Erias Lukwago,erias_lukwago
Eric Musana,5fb6a267-7d69-4fc8-a97f-721e16bf5a4c
Erisa Ammoti Kaahwa,erisa_ammoti_kaahwa
Eriya Kategaya,eriya_kategaya
Ernest Kiiza,f5ad9774-e1c5-481e-8740-c84be654f347
Eron Janet Nantume,eron_janet_nantume
Esther Davinia Anyakun,b00ec112-c064-4c8c-811d-07dcdd7e3832
Esther Mbulakubuza Mbayo,3a30668c-6139-426b-85a8-b6871e384b77
Eudia Kwizera,eudia_kwizera
Evelyn Anite,d464bb17-ef56-49aa-ba81-249218cbb008
Evelyn Anite,evelyn_anite
Evelyn Kaabule,7e513b2a-6ad0-4d38-8858-4be3ef3327ae
Evelyn Naome Mpagi N. Kaabule,7e513b2a-6ad0-4d38-8858-4be3ef3327ae
Evelyn Naome Mpagi N. Kaabule,evelyn_naome_mpagi_n._kaabule
Everlyn Chemutai,fe4cf567-aaa8-40fc-9bca-96fceaa023ae
Ezra Suruma,ezra_suruma
Faridah Kasasa Najjuma,faridah_kasasa_najjuma
Femiar Wadada,3029864d-280a-401b-af06-7b63b1188e5d
Femiar Wadada,femiar_wadada
Flavia Nabugere,2da743ca-e070-4993-b03c-d8a344af58d5
Flavia Nabugere,flavia_nabugere
Flavia Rwabuhoro Kabahenda,a63f1676-c304-480f-a4c3-a8b2a0cc35e7
Flavia Rwabuhoro Kabahenda,flavia_rwabuhoro_kabahenda
Florence Andiru Nebanda,1fb1c545-3c03-47ce-a835-4093f79d4a96
Florence Andiru Nebanda,florence_andiru_nebanda
Florence Kintu,e3f03d44-99d7-4ac2-b805-0db2aa3617fa
Florence Kintu,florence_kintu
Florence Namayanja,714b90e0-b33f-4ed8-af55-c3049223ebc5
Florence Namayanja,florence_namayanja
Florence Namboozo Wamala,9d92e62e-1aaf-4744-a4ab-d9eaba4f2f38
Florence Sekabira Nayiga,florence_sekabira_nayiga
Florence Tibafana Mutyabule,00b7c328-4394-4634-97ab-6cac03f5e1a7
Florence Tibafana Mutyabule,florence_tibafana_mutyabule
Francis Adamson Kiyonga,francis_adamson_kiyonga
Francis Barnabas Gonahasa,dc345ed5-05db-4df5-abc8-255b497227f3
Francis Ben Okello,francis_ben_okello
Francis Epetait,3369ab0b-e499-446f-abbd-70dea0de9168
Francis Epetait,francis_epetait
Francis Joseph.N Mukama,francis_joseph.n_mukama
Francis Mukula,04b8b650-7fe5-4b1f-bc5d-b9cde4ad5b51
Francis Mwijikye,294dc4ab-ff2d-4569-86f5-b84f94810b38
Francis Zzake,7bf1353d-d851-4d3b-94ff-8bd6be0b08f8
Franco Robert Centenary,e43d1001-524d-4845-814b-35d2a8e1143d
Frank Tumwebaze,58b556f1-de5c-4ba8-8f22-698f9bdd1b9b
Fred (Col) Bogere,fred_(col)_bogere
Fred Angella,8f9e9f04-8e36-49cb-ac85-8ef0a7b838fd
Fred Badda,249ebcc6-3df5-4e07-857e-939556204d13
Fred Badda,fred_badda
Fred Baseke,d513773e-bc08-43da-b9a4-f04a10bbae32
Fred Bwino Kyakulaga,d2bbcc54-e057-4b89-b6ed-755bcb42214d
Fred Douglas Mwanja Mukisa,fred_douglas_mwanja_mukisa
Fred Ebil,c3c1f8d3-5e92-4840-b7a3-b3789262eb4b
Fred Ebil,fred_ebil
Fred Mudokoi,b2df13fa-210e-4a99-b2d6-11aebbc20d1a
Fred Mwesigye,4b542e96-22e9-4a45-8183-664bac27ee79
Fred Mwesigye,fred_mwesigye
Fred Omach,0de8e76e-f582-4f17-b508-d418c128d56e
Fred Ruhindi,808781cf-a49e-457a-a47e-8729f48d299e
Fred Turyamuhweza Tumuheirwa,c33772f2-63c6-4a82-a1ed-c8e70cfda73f
Freda Nanzira Kase-Mubanda,9af1c62f-1751-4199-a641-5133d6eb04ee
Freda Nanzira Kase-Mubanda,freda_nanzira_kase-mubanda
Frederick Angura,d7d2fd51-d79c-4c05-bc0f-f556dfe2122b
Frederick Nkayi Mbagadhi,87e78a17-b1ff-41e7-88ea-b6c877f0f3dd
Frederick Nkayi Mbagadhi,frederick_nkayi_mbagadhi
Fredrick Ngobi Gume,08b4c874-3452-47f9-b9a8-336ee5a831b9
Fredrick Ruhindi,808781cf-a49e-457a-a47e-8729f48d299e
Fredrick Ruhindi,fredrick_ruhindi
Gabriel Ajedra Aridru,1f9243ee-1660-4fa3-9bfc-028e53014203
Gabriel Gadison Aridru Ajedra,1f9243ee-1660-4fa3-9bfc-028e53014203
Gabriel Gadison Aridru Ajedra,gabriel_gadison_aridru_ajedra
Gabriel Opio,gabriel_opio
Gagawala Nelson Wambuzi,gagawala_nelson_wambuzi
Gaster Mugoya,666ff3c4-4f08-4eb2-8243-a3a2bfbc9abe
Gen. Elly Tumwine,672ab0ac-4210-49df-ab4c-8b4afb93ac34
Genensio Tumuramye,0bd268d3-8c10-4482-a86c-612fe7262936
Geoffrey Omara,62ee963f-daf4-4b74-9292-5fd9994fe01a
Geoffrey Omara,geoffrey_omara
Geofrey Dhamuzungu,fd31b379-df15-4794-a8de-c35083e0fb63
Geofrey Ekanya,b9a45340-0928-48bf-9c4d-6ed932270448
Geofrey Ekanya,geofrey_ekanya
Geofrey Macho,b9b6a64f-abbe-46b1-9dac-0d0aa40c4b6d
Geofrey Nabutanyi Watenga,ba37ceaf-1d75-4a8d-86b8-5e203b4159ec
George Abbot Ouma,49e9a9de-dc7d-4495-bdc7-3d5bce16238b
George Michael Mukula,148b06fc-3cc9-4138-8fac-96197be7f081
George Michael Mukula,george_michael_mukula
George Nsamba Kumama,17f9e0a6-2e17-4979-9753-6b266bce13a0
George Stephen Ekuma,cc0bd53a-6090-40f7-9e29-3789fdff6205
George Stephen Ekuma,george_stephen_ekuma
George William Wopuwa,george_william_wopuwa
Gerald Simon Menhya,gerald_simon_menhya
Gershom Sizomu,e3fd241f-7966-4687-9356-f86f07e68223
Gertrude Lubega Nakabira,c52303c0-950a-4153-8bb0-f7d78d8bf20f
Gertrude Lubega Nakabira,gertrude_lubega_nakabira
Gideon Onyango,c306e621-4baa-45e9-9233-bb0981076201
Gilbert Bukenya,21bb3f66-4105-4eec-a5e5-05241d3ea1bb
Gilbert Olanya,8c789aff-418c-4f4e-8456-69befd1748a7
Gilbert Olanya,gilbert_olanya
Giw Simon D'Ujanga,59ff23fa-3dac-40f9-885b-f19b2f025752
Giw Simon D'Ujanga,giw_simon_d'ujanga
Godfrey Katusabe,b089fdd6-aa68-4cbd-a7b3-75f74c16afa6
Godfrey Lubega,ebe3dfd7-4f68-4d89-b5b7-36a8c31deacd
Godfrey Lubega,godfrey_lubega
Godfrey Onzima,815ea309-6313-43f1-9202-56c538588efd
Godfrey Pereza Ahabwe,godfrey_pereza_ahabwe
Godfrey Ssubi Kiwanda,c126df5a-9f6e-46e1-8bca-922277e3b88d
Godfrey Ssubi Kiwanda,godfrey_ssubi_kiwanda
Gordon Arinda Kakuna,00db5dad-f20a-40f7-89d1-d22096b877e0
Gordon Bafaki,0faa8e9e-0e1f-4336-ab05-d391e161d18c
Gordon Sematiko Katende,gordon_sematiko_katende
Grace Freedom Kwiyucwiny,0fffa28b-3d56-4c5b-a3fd-26e241166752
Grace Freedom Kwiyucwiny,grace_freedom_kwiyucwiny
Grace Hailat Kawudha Magumba,0b4e59e6-8d35-4940-bb4c-8d3a37076f76
Grace Isingoma Byarugaba,d8b63ab3-bec4-4e85-b490-a8a4b3955e0b
Grace Isingoma Byarugaba,grace_isingoma_byarugaba
Grace Kashaija Ikiriza Kyomugisha,grace_kashaija_ikiriza_kyomugisha
Grace Kesande,3ef2bb11-9fd4-45e6-b836-6d49762379cf
Grace Namara,8502d799-9eef-4cc7-acce-346d6599e89b
Grace Namara,grace_namara
Grace Oburu,grace_oburu
Gumisiriza David Guma,gumisiriza_david_guma
Gutomoi Charles Angiro,gutomoi_charles_angiro
Gyabi Fred Bukeni,gyabi_fred_bukeni
Hanifa Kawooya,2bea7139-7e55-4a74-89c7-1797ad73ee58
Harold Tonny Muhindo,ad15241c-eb42-4019-9d97-25741fd213b3
Harriet Kagaba,harriet_kagaba
Harriet Ntabazi,be9f335d-8dec-41f9-bd64-461b5609221a
Harriet Ntabazi,harriet_ntabazi
Harry Kasigwa,harry_kasigwa
Harun Kyeyune,bed0146a-6c24-4d7f-9cb7-497c452eee5a
Harun Kyeyune,harun_kyeyune
Haruuna Ssalabaya,haruuna_ssalabaya
Hatwib Katoto,ef534c4f-04e2-4e68-95a8-5045bc7212f5
Hatwib Katoto,hatwib_katoto
Helen Kahunde,645d30b5-896d-48a6-b254-e5e8d313f957
Helen Kahunde,helen_kahunde
Hellen Adda,eae6827a-f373-4d75-9faa-2afe9b927bd7
Hellen Grace Asamo,6ceddccb-15e7-44f4-b11f-dc098e8cabd2
Hellen Grace Asamo,hellen_grace_asamo
Henry Ariganyira Musasizi,bb7a33bb-b0d3-4107-8ec8-48ad38bcd7f0
Henry Ariganyira Musasizi,henry_ariganyira_musasizi
Henry Banyenzaki,116a74fb-c759-4db5-9888-e2a0b969c5b2
Henry Banyenzaki,henry_banyenzaki
Henry Joseph Obbo,henry_joseph_obbo
Henry Kajura,624da112-cfce-4958-887d-f6015e5670e9
Henry Kamya Makumbi,861a5dd0-c0e5-4e2f-bcad-ad65d3a15a02
Henry Maurice Kibalya,705bb98e-5540-44ad-8283-13ac5bd923b3
Henry Muganwa Kajura,624da112-cfce-4958-887d-f6015e5670e9
Henry Muganwa Kajura,henry_muganwa_kajura
Henry Musasizi,bb7a33bb-b0d3-4107-8ec8-48ad38bcd7f0
Henry Mutebi Kityo,henry_mutebi_kityo
Henry Okello Oryem,311bad34-9ddb-480c-9bf7-5359e3f06413
Henry Okello Oryem,henry_okello_oryem
Henry Oryem Okello,311bad34-9ddb-480c-9bf7-5359e3f06413
Herbert Edmund Ariko,92de7251-ab5f-4ca3-9096-ba68bc1c2a70
Herbert Kaale Sabila,herbert_kaale_sabila
Herbert Kabafunzaki,f588b9c9-752f-4394-97df-6d99dfccb505
Herbert Muntuyera Nuwagaba,herbert_muntuyera_nuwagaba
Herbert Tom Kinobere,bb4810c5-0443-4b7f-967b-01452e4fafb9
Herbert Wilson Lwanga,herbert_wilson_lwanga
Hilary Lokwang,d42030f2-32fd-4256-99e5-fcfac0257c1d
Hilary Onek,1b0cc67e-4402-4041-afa1-ce21c5b3fcf8
Hood Kiribedda Katuramu,4509bcba-bbfc-4311-82d5-acc4c951d617
Hood Kiribedda Katuramu,hood_kiribedda_katuramu
Hope Robina Mukisa,a6728118-bd7d-4be9-991f-b4e15b1c8dcd
Huda Abason Oleru,c219b699-fcd1-4c1b-b44d-7e3ed013f0cd
Huda Abason Oleru,huda_abason_oleru
Hussein Godi Akbar,hussein_godi_akbar
Hussein Kyanjo,d5819e91-92b6-4620-b15b-0a30f3c828cc
Hussein Kyanjo,hussein_kyanjo
Ibanda Gerald Rwemulikya,0a2d2cbb-39d9-4036-8545-4ec0061a72a4
Ibi Florence Ekwau,23835331-7b26-4f27-90fd-594aef1064df
Ibi Florence Ekwau,ibi_florence_ekwau
Ibrahim Abiriga,02e71084-b183-4122-aa6d-2eb8246bd564
Ibrahim Kasozi,47237c2e-0451-4936-bdb6-398111591b7d
Ibrahim Nganda Ssemujju,1e9890fc-6616-4f3d-9e4e-a4b4a1526a4b
Ibrahim Nganda Ssemujju,ibrahim_nganda_ssemujju
Ibrahim Ssemujju Nganda,1e9890fc-6616-4f3d-9e4e-a4b4a1526a4b
Idah Erios Nantaba,0098f5ca-0cb0-4aaa-a54f-7f18a41e386a
Idah Erios Nantaba,idah_erios_nantaba
Idah Mehangye,idah_mehangye
Idah Nabayiga,625ab91f-64ed-4ed9-8468-c3feae150da8
Iddi Isabirye,db00925f-93ed-4beb-b17e-85761fdbe388
Iddi Isabirye,iddi_isabirye
Iddi Kisiki Lubyayi,iddi_kisiki_lubyayi
Idi Amin Taban,6ee78375-1216-4019-b144-a56d7150b2c7
Ignatius Besisira,50e52aa2-8406-4867-a4a8-2cd6e587a608
Ignatius Besisira,ignatius_besisira
Innocent Oula,4134ca99-76b9-46e4-ae14-d255f7d9a673
Innocent Oula,innocent_oula
Irene Muloni,137413eb-26f0-455c-afe6-060cfd1c46a3
Irene Nafuna Muloni,137413eb-26f0-455c-afe6-060cfd1c46a3
Irene Nafuna Muloni,irene_nafuna_muloni
Isaac Etuka Joakino,0c6e733c-c3ba-431b-bb56-2eb3c66973a0
Isaac Isanga Musumba,fb8a3582-2c1a-417f-adc1-7ad1ec5fbd4a
Isaac Isanga Musumba,isaac_isanga_musumba
Isaac Mulindwa Sozi,a8df37e8-dd05-4330-b746-9da935f5e8d6
Isaac Musumba,fb8a3582-2c1a-417f-adc1-7ad1ec5fbd4a
Isaiah Imumet,isaiah_imumet
Isaias Johny Ssasaga,bfd2a2dc-ad24-4c06-85d2-eb5b94e43c86
Isaias Johny Ssasaga,isaias_johny_ssasaga
Ishaa Amiza Otto,ishaa_amiza_otto
Ishma Mafabi,27b1d768-0733-4fd6-820b-97652767ef00
Isiko Wilson Mpongo Asupasa,4faa2b5d-0299-4c21-b86b-f8f15ecd6c30
Isiko Wilson Mpongo Asupasa,isiko_wilson_mpongo_asupasa
Ismael Orot,4c4be023-76a8-495d-bdf7-728b6e281eb0
Ismail Ogama,c2184f9a-9b3f-4669-871a-e1289dbc285d
Isoke Matia Baguma,isoke_matia_baguma
Issa Kikungwe,de194475-6409-422a-a419-95bdbb12a17d
Issa Kikungwe,issa_kikungwe
Issac Sejjoba,4e1629fe-ee9b-4dfe-b5a8-476db7b7afb6
Issac Sejjoba,issac_sejjoba
Jacinto Deusdedit Ogwal,07873c13-27aa-4785-8b41-3c1a3bdee8c9
Jacinto Deusdedit Ogwal,jacinto_deusdedit_ogwal
Jack Odur Lutanywa,d8ec18bb-0f17-42fe-8d1e-3df38f87725d
Jack Sabiiti,7e940a62-8e4a-4357-b33f-7a8d51d8f166
Jack Sabiiti,jack_sabiiti
Jacklet Atuhaire,f8748b90-4d4b-4dd9-8052-a27db5a1d32a
Jackson Karugaba Kafuuzi,111779b4-e6e7-4b0a-9699-46d18a3d91c2
Jackson Mbaju,3f66e672-2aeb-4617-9e01-cae74a3bede0
Jacob L'Okori Oulanyah,d66bd24e-4c1f-485d-bde6-6a161a70ae88
Jacob L'Okori Oulanyah,jacob_l'okori_oulanyah
Jacob Oulanyah,d66bd24e-4c1f-485d-bde6-6a161a70ae88
Jacob Richards Opolot,5b9951dd-41dd-4e1c-8d61-920f81db35cf
Jacob Richards Opolot,jacob_richards_opolot
Jacob Wangolo,8a33613c-9703-4246-bc78-590075bb2683
Jacob Wangolo,jacob_wangolo
Jacqueline Kyatuheire,jacqueline_kyatuheire
Jacquiline Amongin,99eb3dbb-43b6-4da3-bde4-d3a999bdbd2f
Jacquiline Amongin,jacquiline_amongin
Jalia Lukumu N. Abwooli Bintu,d2b326d4-1f6f-4a76-a755-f8eba8f9725a
Jalia Lukumu N. Abwooli Bintu,jalia_lukumu_n._abwooli_bintu
James Acidri,f688a4c7-d3e9-47e8-ad56-27886e297774
James Baba,4cb43bab-faf4-4ee4-b9e9-8bb64d803b42
James Eliezer Mwandha,james_eliezer_mwandha
James Kaberuka Niringiyimana,0dda2b7a-4e38-4cfa-ba86-943da4a211a2
James Kakooza,adea8541-cd09-47d7-98a0-3a2b0cf536aa
James Kakooza,james_kakooza
James Kubeketerya,james_kubeketerya
James Kyewalabye Kabajo,8954e771-d413-4aa9-9946-5856716aa946
James Kyewalabye Kabajo,james_kyewalabye_kabajo
James Makumbi,james_makumbi
James Mbahimba,99bd88a9-567b-4d4c-84e2-b3af706ded4d
James Mbahimba,james_mbahimba
James Micheal Jimmy Akena,a8b85d78-2280-4046-87d8-d40a1cfb1169
James Micheal Jimmy Akena,james_micheal_jimmy_akena
James Nsaba Buturo,1d223bed-e870-4b97-b94e-79ebe7243023
James Waluswaka,7f3b174a-2b04-4b02-966d-5fca8f0943bf
Jane Kwoba Nabulindo,3c8f6303-8f16-4a91-aa63-4926e7580cb1
Janet Grace Akech Okori-Moe,993736a4-788d-4cfe-a4f7-17a82c61590e
Janet Grace Akech Okori-Moe,janet_grace_akech_okori-moe
Janet Museveni,600ed41f-be37-489a-a9e1-3b6abe43414f
Janet Museveni Kataaha,600ed41f-be37-489a-a9e1-3b6abe43414f
Janet Museveni Kataaha,janet_museveni_kataaha
Jaqueline Rama Aol,1abdfbb7-3547-4f29-8e9b-e429b0e21a1e
Jastine Kashaija Ayebazibwe,132cf04a-53dc-450d-afe5-1963287eb878
Jeje Odongo,27baa8ed-2454-4c8a-be49-390adb0aaf6c
Jeje Odongo,jeje_odongo
Jenipher Kacha Namuyangu,de60930f-dfdb-4ce4-9767-89d88111ad3b
Jennifer K. Mujungu,28497c7d-5023-4c08-b5f4-d9bf71675587
Jennifer K. Mujungu,jennifer_k._mujungu
Jeremiah Twa-Twa,a7b803e7-601a-4c1b-a58e-fb764bb96c86
Jesca Ababiku,7cf40aaf-a410-4364-93e7-470d9149501e
Jesca Ababiku,jesca_ababiku
Jesca Eriyo,jesca_eriyo
Jessica Rose Epel Alupo,92d26239-7d6e-4eb5-86c4-a05f6887a292
Jessica Rose Epel Alupo,jessica_rose_epel_alupo
Jim Katugugu Muhwezi,b2b287c1-b007-4eb7-8e96-def5ec160299
Jim Katugugu Muhwezi,jim_katugugu_muhwezi
Jim Muhwezi,b2b287c1-b007-4eb7-8e96-def5ec160299
Jim Owoyesigire,033d54e3-1d6e-4469-981c-f5ab72e52933
Jim Owoyesigire,jim_owoyesigire
Jimmy William L Kinobe,jimmy_william_l_kinobe
Joel Yoweri Sebikali,5085e3b8-0c34-40c1-a2de-c6aca5a170e3
John Amos Okot,8eec0ad3-8774-485e-b103-f0b22c4933dd
John Amos Okot,john_amos_okot
John B Bagoole,4f06fe1f-6a56-46eb-9ba2-8829f701911f
John B Bagoole,john_b_bagoole
John Baptist Kawanga,john_baptist_kawanga
John Baptist Lokii,4f1ab0e6-1597-4f53-8aeb-7accc4e29525
John Baptist Lokii,john_baptist_lokii
John Baptist Nambeshe,f8ce1f71-f443-43d5-8df2-d99331663c3e
John Bosco Ikojo,0fd6df04-aeae-43d4-a36c-66f211a8d55b
John Bosco Lubyayi,123dcd30-a0ac-4e60-a1e3-2cfcf9c6dea3
John Bosco Mubito,9460186d-760b-4e2d-a87a-0e011329d5b5
John Bosco Mubito,john_bosco_mubito
John Byabagambi,b2b6c570-5bf0-492b-a763-49a313fd1243
John Byabagambi,john_byabagambi
John Chrysestom Muyingo,ea3185ce-e46e-4af1-ba6b-a42472e7a78e
John Chrysestom Muyingo,john_chrysestom_muyingo
John Chrysostom Muyingo,ea3185ce-e46e-4af1-ba6b-a42472e7a78e
John Drazu Arumadri,john_drazu_arumadri
John Emilly Otekat,john_emilly_otekat
John Ken Lukyamuzi,56971f8e-0b9c-4f47-aca6-0ac715e429b3
John Ken Lukyamuzi,john_ken_lukyamuzi
John Mulimba,2b9581db-d057-4dcb-a975-ad496b76f4e5
John Mulimba,john_mulimba
John Nasasira,9e15cd82-8ee3-44d8-897f-5603eacf2c08
John Nizeyimana Kamara,ad68aa90-eebb-4abe-a8cd-de0854dd9425
John Nizeyimana Kamara,john_nizeyimana_kamara
John Ntamuhiira Twesigye,b92dd328-dd5d-4d67-8007-12da73309d8e
John Nwoono Nasasira,9e15cd82-8ee3-44d8-897f-5603eacf2c08
John Nwoono Nasasira,john_nwoono_nasasira
John Odit,john_odit
John Ogwang,john_ogwang
John Peter Esele,john_peter_esele
John Roberts Rex Aachilla,john_roberts_rex_aachilla
John Ssimbwa,7839316c-26ae-41b0-92b9-0caf92606fbe
John Ssimbwa,john_ssimbwa
John-Bosco Sseguya Lubyayi,john-bosco_sseguya_lubyayi
Johnson Malinga,johnson_malinga
Johnson Nkuuhe,johnson_nkuuhe
Johnson Ssenyonga Muyanja,c39a7e1d-c214-457a-9a14-5799cc1c28bc
Johnson Toskin Bartille,johnson_toskin_bartille
Jonathan Odur,0d536991-b40c-4889-87c5-63b6a925c0d6
Jonny Richard Bulamu,jonny_richard_bulamu
Joseph Balikudembe Mutebi,e4b3f107-2155-4c0a-b815-2b29d78117b1
Joseph Balikudembe Mutebi,joseph_balikudembe_mutebi
Joseph Gonzaga Ssewungu,6d458f3c-f571-4af5-892e-95409902d4d8
Joseph Gonzaga Ssewungu,joseph_gonzaga_ssewungu
Joseph Kakooza,f4d40462-6ab9-4c48-8190-2167ebebdda1
Joseph Kasozi Muyomba,cf868109-865f-4619-b514-e632e615e0e9
Joseph Muyomba Kasozi,joseph_muyomba_kasozi
Joseph Sekabiito,32f8b122-c5ae-461b-a440-0182e01fb8e5
Joseph Sibalinghana Kiregheya Matte,63c8937e-a752-49bd-a910-3aa774f9485d
Joseph Sibalinghana Kiregheya Matte,joseph_sibalinghana_kiregheya_matte
Josephine Bebona Babungi,ea7afc52-f4c9-437a-b88d-acb066f14b5e
Joshua Carter Anywarach,305571a7-331a-4834-9353-48adf77bc887
Joshua Carter Anywarach,joshua_carter_anywarach
Jovah Kamateeka,82f11047-e0c6-40e1-8023-1bbe38c9641e
Jovah Kamateeka,jovah_kamateeka
Jovrine Kaliisa,de365abc-e5f0-467d-8408-7b88dc78681f
Jowali Kakwa Kyeyago,jowali_kakwa_kyeyago
Joy Ongom Atim,a8c1425e-371b-42a3-878e-ee73afaecc15
Joy Ongom Atim,joy_ongom_atim
Joy Ruth Acheng,4f7c2e54-23c8-4a4f-8944-75b30529cb8c
Joy Ruth Acheng,joy_ruth_acheng
Joyce Kwebiha,joyce_kwebiha
Joyce Moriku,930b509b-af3b-4f9d-b8a2-a7c835fd1b3c
Joyo Eugenia Mindra,joyo_eugenia_mindra
Judith Alyek,6e7cc987-439f-4d32-8189-29f09f3a9adc
Judith Babirye,ea386b6f-688b-4964-bb37-69a07c972b45
Judith Franca Akello,2cec2ab5-bce3-4e0d-b496-03f1fac9c826
Judith Franca Akello,judith_franca_akello
Judith Mary Amoit,f2656216-0e7e-4376-95ee-94f36d754ce9
Judith Mary Amoit,judith_mary_amoit
Judith Nabakooba,6ea4a8a1-47cf-4e9e-bddd-751d65f81e76
Juliana Modest Auma,77c40d89-9b33-420d-8daf-32e081878a8a
Juliana Modest Auma,juliana_modest_auma
Julie Zabwe Mukoda,de9d581a-1b73-4fff-8295-fddf9fd39c2d
Juliet Kabonesa Sekitoleko,juliet_kabonesa_sekitoleko
Juliet Kinyamatama Suubi,2c14fd06-f0f3-405d-b2c8-42364a09cd0a
Julius Balyejjusa,julius_balyejjusa
Julius Bua Acom,abc76f79-0438-4f9f-9e36-9866b11feb18
Julius Facki Oketta,4ff83688-7e2a-4932-bc0f-12b5abaa8918
Julius Facki Oketta,julius_facki_oketta
Julius Junjura Bigirwa,2a10f6fb-78ef-4695-8521-ba57a8a5199f
Julius Junjura Bigirwa,julius_junjura_bigirwa
Julius Maganda,86f6fb64-0624-4b39-9bcc-ee9221005d4d
Julius Maganda,julius_maganda
Julius Mukasa Opondo,df05316f-2211-4692-b4c5-5633f17f1715
Julius Ocen,0319757f-f3a5-40d2-b22f-54e556c47b3a
Julius Peter Emigu,julius_peter_emigu
Justine Khainza,1c45039e-3dc5-4fa2-b615-d2be650ddf39
Justine Khainza,justine_khainza
Justine Lumumba Kasule,910c9f79-ebba-495f-836b-028f27def018
Justine Lumumba Kasule,justine_lumumba_kasule
K. Deusdedit Bikwasizehi,k._deusdedit_bikwasizehi
K. Samuel Bitangaro,k._samuel_bitangaro
Kab Medard Bitekyerezo,bef0c839-87ba-43ed-894c-59907bb44407
Kab Medard Bitekyerezo,kab_medard_bitekyerezo
Kabahweza Florence Hashaka,kabahweza_florence_hashaka
Kabakumba Masiko,ef3abb0d-77e3-42b7-a9ab-78b9ca0cee31
Kabondo Gaudioso Tindamanyire,kabondo_gaudioso_tindamanyire
Kabushenga Hamlet Mbabazi,kabushenga_hamlet_mbabazi
Kabwegyere Tarsis Bazana,e1d3130e-54e8-4312-a6ed-e2ee007d5fc2
Kabwegyere Tarsis Bazana,kabwegyere_tarsis_bazana
Kafire Juliet Rainer,kafire_juliet_rainer
Kafureeka Gerald Karuhanga,cd50940e-9368-4efe-87a3-67d9b35bb196
Kafureeka Gerald Karuhanga,kafureeka_gerald_karuhanga
Kagyigyi Frank Tumwebaze,58b556f1-de5c-4ba8-8f22-698f9bdd1b9b
Kagyigyi Frank Tumwebaze,kagyigyi_frank_tumwebaze
Kahamba Sam Kutesa,e12c07a3-5d37-47c0-aa36-25cc7688304e
Kahamba Sam Kutesa,kahamba_sam_kutesa
Kahinda Otafiire,8fa4b646-b14c-41cb-8976-b5f7e9fa3d84
Kajura Henry Muganwa,kajura_henry_muganwa
Kalibogha Apolinaris Kithende,kalibogha_apolinaris_kithende
Kamanda Bataringaya,6dbf44eb-4f0f-45b5-b40c-6f18e9f90a28
Kaps Hassan Fungaroo,d468c980-218a-46ee-8378-ea38360f3b52
Kaps Hassan Fungaroo,kaps_hassan_fungaroo
Kasole Lwanga Edward Bwerere,kasole_lwanga_edward_bwerere
Kassiano Ezati Wadri,91a3a054-7fd7-4412-81e8-711cc5af11ba
Kassiano Ezati Wadri,kassiano_ezati_wadri
Kato Lubwama,3ce279d9-e826-41d4-8ade-1ae14d1b36b9
Katumba Wamala,762aefff-ee1f-44b7-808d-2bb5318fb574
Kaweesi Edward Ndawula,kaweesi_edward_ndawula
Kazoora John Bashaija,kazoora_john_bashaija
Kebirungi Mary Paula Turyahikayo,b8614fc6-e5ea-4465-a012-47057a8d40d1
Kebirungi Mary Paula Turyahikayo,kebirungi_mary_paula_turyahikayo
Keefa Kiwanuka,0983faff-b368-4a4a-864a-7d80c2fc52b1
Kefa Frederick.S Ssempangi,kefa_frederick.s_ssempangi
Ken Lukyamuzi,56971f8e-0b9c-4f47-aca6-0ac715e429b3
Kenneth Esiangu Eitunganane,d1f8f1f7-8292-4e3f-9686-9892440ffd52
Kenneth Lubogo,2ebe4322-d87b-4a77-8841-2b6b1dfadbb4
Kenneth Lubogo,kenneth_lubogo
Kenneth Olusegun Omona,4ab97294-870c-43a6-8f02-e25471c18b9b
Kenneth Olusegun Omona,kenneth_olusegun_omona
Kenneth Soyekwo Cheborion,2b3c7026-a07f-4c8e-98c3-6f6788c81d23
Kevinah Wanaha Wandera Taaka,be815654-61dd-4607-bd51-a216311b4c20
Kevinah Wanaha Wandera Taaka,kevinah_wanaha_wandera_taaka
Kezekia Mbogo,23e779b9-bdb2-4252-a92b-d9b406b7b5ca
Kezekia Mbogo,kezekia_mbogo
Kibaale Wambi David Gaboi,kibaale_wambi_david_gaboi
Kiddu Makubuya,35b3ca23-5cc3-408a-9131-14ddb05e0a64
Kif'Omusana Joseph Mugambe,kif'omusana_joseph_mugambe
Kigyagi John Arimpa,kigyagi_john_arimpa
Kivejinja Ali Muwabe Kirunda,kivejinja_ali_muwabe_kirunda
Kiwanuka Matiya Mulumba Semakula,kiwanuka_matiya_mulumba_semakula
Kiyingi Sarah Namusoke,kiyingi_sarah_namusoke
Komuhangi Winifred Masiko,komuhangi_winifred_masiko
Krispus Ayena,be76f438-92c1-45a1-bea9-a96d59c48621
Krispus Ayena,krispus_ayena
Kulany Gertrude Chelangat,kulany_gertrude_chelangat
Kwagala Olivia Kabaale,d329e8ef-4e77-43e1-bf11-08929ea57196
Kwagala Olivia Kabaale,kwagala_olivia_kabaale
Kyabangi Katusiime Nakato,442429b9-00ab-4cea-a8f5-02d6ca567268
Kyabangi Katusiime Nakato,kyabangi_katusiime_nakato
Kyebakoze Sulaiman Madada,9e7029a7-944b-4c37-ae6c-db7f22f5ba98
Kyebakoze Sulaiman Madada,kyebakoze_sulaiman_madada
Kyewalabye Majegere S.J. Waira,964c0ac9-d0dd-459e-9791-2f9b15a68b6c
Kyewalabye Majegere S.J. Waira,kyewalabye_majegere_s.j._waira
Lakana Tomson Anang-Odur,lakana_tomson_anang-odur
Lastus Katende Serunjogi,lastus_katende_serunjogi
Latigo Morris.W Ogenga,latigo_morris.w_ogenga
Lawrence Akuguzibwe,40ecb61d-04ae-40da-a6bc-9a939a43272a
Lawrence Bategeka Nkooto,6e2c8f47-6ede-4186-86da-d90fc6bd37bb
Lawrence Bayika Onegiu,ad3cc338-30f6-4270-a3b9-a852b16f933b
Lawrence Cherop Mangusho,5e13a600-e1c7-40e0-8374-97999240287e
Lee Denis Oguzu,3d1f99ad-5ae2-4481-baa2-bcccff52e2b2
Lillian S. Nakamate,aca93e6b-66ca-425d-98a4-73890b0dff14
Lilly Adong,3633dc6a-54e5-401d-9981-b5282ef4236b
Lilly Adong,lilly_adong
Loi Kageni Kiryapawo,loi_kageni_kiryapawo
Loote Sammy Ogwel,loote_sammy_ogwel
Lorika Rose Nacha,lorika_rose_nacha
Louis Opange,louis_opange
Loy Katali,ee3661d0-5c80-4f3b-a3cc-b73deab03b42
Lt. Col. Flavia Byekwaso,d6fe8bf2-ea76-459f-95d1-aa70f7c2d11a
Lt. Gen. Ivan Koreta,119064c8-9e60-47fb-a672-e62dd980993d
Lubega Ibrahim.I Kaddunabbi,lubega_ibrahim.i_kaddunabbi
Lucy Ajok,08bc6bc3-47ed-4d24-bcad-a633e11bb608
Lucy Ajok,lucy_ajok
Lucy Akello,5b74a303-fe48-4b2b-832c-1e8f05220b99
Lucy Otim Aciro,9f43b4c4-b3d4-4c3f-95ff-0ad60af10811
Lukia Isanga Nakadama,8e46caab-7af8-4168-9120-945ba3ed9203
Lukia Isanga Nakadama,lukia_isanga_nakadama
Lukyamuzi Susan Nampijja,lukyamuzi_susan_nampijja
Lule Mawiya,lule_mawiya
Lulume Bayiga,fd855a35-69fa-4c3a-8d86-4cd16d5f7957
Lutaya Kavuma Ruth Nvumetta,lutaya_kavuma_ruth_nvumetta
Lyandro Komakech,1fdb86e9-42b7-4722-b71b-77b222ed167a
Lydia Chekwel,e67c34d0-af92-4ac9-9fbb-fc529fad7b03
Lydia Chekwel,lydia_chekwel
Lydia Kibwika Nyago,lydia_kibwika_nyago
Lydia Mirembe Kalule,26ccd1f6-2a23-4855-a2a3-3bdb8189d4ff
Lyndah Timbigamba,3841dd71-6dfc-428f-88ce-7c340ee40238
Lyndah Timbigamba,lyndah_timbigamba
M. William Nzoghu,9b31320b-154b-469f-be18-2c3ee3ba553d
M. William Nzoghu,m._william_nzoghu
Mabel Lillian Komugisha Bakeine,ccbf67bf-e928-46e7-94f2-acf29d4192fc
Mabel Lillian Komugisha Bakeine,mabel_lillian_komugisha_bakeine
Magaret Muhanga,bad0b4ae-2e55-4450-b302-24a964e47747
Magret Mbeiza Kisira,886931dd-be43-43b5-a50f-ec2498303662
Magret Namubiru Rwabushaija,6bd84ffe-6f44-4030-a39c-b32e5541335e
Maj. Gen. Pecos Kutesa,8902932c-9bb1-4c2e-a408-5f97ddb48cf7
Makubuya Edward Khiddu,35b3ca23-5cc3-408a-9131-14ddb05e0a64
Makubuya Edward Khiddu,makubuya_edward_khiddu
Manoah Mila Achile,3fb96f35-fa3a-4422-875a-678a54d9755d
Manoah Mila Achile,manoah_mila_achile
Manoni Phinehas Katirima,e05c84d5-ba70-4566-8b3c-6a9dea57971e
Manoni Phinehas Katirima,manoni_phinehas_katirima
Margaret Achilla Aleper,809287ef-d55d-4665-9a7d-72b4b0554424
Margaret Achilla Aleper,margaret_achilla_aleper
Margaret Angufiru,margaret_angufiru
Margaret Iriama,59e48081-43ec-4567-851e-0a7b4d119299
Margaret Iriama,margaret_iriama
Margaret Komuhangi,3091585b-861f-4ff6-848a-3345e001fa6f
Margaret Komuhangi,margaret_komuhangi
Margaret Makhoha,57dd30d2-d5a6-44c2-ac14-41b50daa2174
Margaret Makhoha,margaret_makhoha
Margaret Mbeiza Kisira,margaret_mbeiza_kisira
Margaret Namara Kiboijana,ea4822d0-a396-4381-9204-bd743fea5f4c
Margaret Namara Kiboijana,margaret_namara_kiboijana
Margaret Nantongo Zziwa,margaret_nantongo_zziwa
Margret Lamwaka,16d06590-cfae-4be0-a8ad-e8aec9ac772d
Maria Kiwanuka,7a254cc7-0ca3-44a1-98aa-f4c0fefbe954
Maria Kiwanuka,maria_kiwanuka
Maria Mutagamba,4688f609-2bf4-4a87-91a8-8cea3f3a3686
Maria Mutagamba,maria_mutagamba
Mariam Gorreti Elogu Ajilo,ece9a2ad-5bf6-49b8-9c0e-cc891211492e
Mariam Naigaga,62e9bd9c-2b38-440d-a587-bce2d772cd7e
Mariam Patience Nalubega,fa48cf87-ee5a-4fda-b6c8-d4859ccfc758
Mariam Patience Nalubega,mariam_patience_nalubega
Mario Kania Obiga,3d1d4f38-ecb7-4151-8aef-b9f074d7f12e
Mark Dulu,828826b5-ed4a-4cc8-84c9-fe9b38492b3d
Marksons Jacob Oboth,e7b7669d-a7ee-46b5-a80d-7063822fa217
Marksons Jacob Oboth,marksons_jacob_oboth
Martin Andi Drito,7326ac6e-bf83-4822-87f1-619bfb6bddaa
Martin Andi Drito,martin_andi_drito
Mary Babirye Kabanda,35adaf10-ce65-4826-a5b0-91db72ed8316
Mary Gorreti Kimono,fe9ddde6-6bf7-4fcf-a99d-8fd1da5a482b
Mary Karooro Okurut Busingye,8f938c8c-5ed8-4d19-b024-210837e5b6c9
Mary Karooro Okurut Busingye,mary_karooro_okurut_busingye
Mary Karoro Okurut,8f938c8c-5ed8-4d19-b024-210837e5b6c9
Mary Magdalene Oriekot Amajo,mary_magdalene_oriekot_amajo
Mary Tuunde Nalubega,62e0bc58-4643-4926-b567-593529d87e61
Mary Tuunde Nalubega,mary_tuunde_nalubega
Masiko Labwoni Princess Kabakumba,ef3abb0d-77e3-42b7-a9ab-78b9ca0cee31
Masiko Labwoni Princess Kabakumba,masiko_labwoni_princess_kabakumba
Mathias Kasamba,fc579483-795d-4601-a355-080965a3e3dd
Mathias Kasamba,mathias_kasamba
Mathias Mpuuga,37ef921f-a0cd-4ff5-abaf-e81b1275a9e9
Mathias Mpuuga,mathias_mpuuga
Matia Kasaija,7eed987e-34bd-4570-a50f-f3378b2fdf66
Matia Kasaija,matia_kasaija
Mavenjina Catherine Akumu,mavenjina_catherine_akumu
Mawiya Umar Lule,mawiya_umar_lule
Maxwell Ebong Patrick Akora,ee76c193-d289-4bef-b0e2-b88f033c6384
Maxwell Ebong Patrick Akora,maxwell_ebong_patrick_akora
Mbabazi Amama,8fa89819-6bec-438f-9b29-a4dbfcfb4e79
Mbabazi Amama,mbabazi_amama
Mbuga Edward William Sempala,b449ebcc-0be1-4c08-b69b-6bea9ac4866c
Mbuga Edward William Sempala,mbuga_edward_william_sempala
Mbwatekamwa Gaffa,4af44ad6-9208-4240-b1e2-bd678aae89a0
Medard Sseggona Lubega,0c7ccb30-5b2c-4afe-b68d-966852a23e19
Medard Sseggona Lubega,medard_sseggona_lubega
Meddie B. Mulumba,meddie_b._mulumba
Micah Akasile Lolem,3b499243-8d92-4051-8546-bfb533a0e459
Micah Akasile Lolem,micah_akasile_lolem
Michael Ayepa,5afd5c55-b4de-46d2-b238-560602df0235
Michael Ayepa,michael_ayepa
Michael BukenyaIga,4f54bd6b-604e-4e67-96f5-e7a01ded6bf9
Michael Kabaziguruka,2e55c3b0-2431-4e15-8cd4-87a101e1e300
Michael Mabikke,michael_mabikke
Michael Maranga Mawanda,58077aeb-d517-4b49-bf90-20a75ea6bbfb
Michael Maranga Mawanda,michael_maranga_mawanda
Michael Timuzigu,07c68b02-5511-49fc-8b1e-c15ab3fb4575
Michael Tusiime,8271cfa9-da0d-4c4d-988f-f0ceb3230339
Micheal P. Lulume Bayigga,fd855a35-69fa-4c3a-8d86-4cd16d5f7957
Micheal P. Lulume Bayigga,micheal_p._lulume_bayigga
Mike Mukula,148b06fc-3cc9-4138-8fac-96197be7f081
Mike.N Sebalu,mike.n_sebalu
Miligan Rose Lochiam,miligan_rose_lochiam
Milly Mugenyi,55cb5447-d6a2-4d27-983f-0eed16aa8a89
Milton Kalulu Muwuma,64dbd33a-8d4c-486d-abaa-33c7aa94a66e
Milton Kalulu Muwuma,milton_kalulu_muwuma
Miria Matembe,miria_matembe
Miyingo Lawrence Kezimbira,miyingo_lawrence_kezimbira
Mohamed Kawuma,3e1f8d02-635a-469f-860c-d9dcab8059c5
Mohamed Kawuma,mohamed_kawuma
Monday Ernest Apuuli Kiiza,f5ad9774-e1c5-481e-8740-c84be654f347
Monday Ernest Apuuli Kiiza,monday_ernest_apuuli_kiiza
Mondo Kagonyera,mondo_kagonyera
Monicah Amoding,8a2c3b99-d8e9-4922-a6f4-a3a82fa1ff2a
Monicah Amoding,monicah_amoding
Morris Adome Bildad,b3493002-7213-4057-8922-deffd6cd2a15
Morris Ogenga Latigo,f1408ce0-d0ca-4046-921b-e877483e28f0
Moses Ali,375f6d55-9f58-4de7-bf2d-d852dad344cb
Moses Ali,moses_ali
Moses Angundru,e21ff8be-100c-4a7b-8672-efd1443a4553
Moses Grace Balyeku,1e7a6b04-9394-4c97-9f3b-4d8fdd4f6d3b
Moses Grace Balyeku,moses_grace_balyeku
Moses Kasibante,a02f744b-657a-487c-bb5f-16e4906289a8
Moses Kasibante,moses_kasibante
Moses Kizige,1bab8a3e-3d42-41ca-9c09-243220d71ec3
Moses Kizige,moses_kizige
Moses Mutabaali Mukose,moses_mutabaali_mukose
Moses Nagwomu Musamba,5c018aad-4754-434a-9e28-5c6dac44800d
Moses Paul Lubowa,moses_paul_lubowa
Moses Tako Apilinga,moses_tako_apilinga
Moses Wagaba Kabuusu,moses_wagaba_kabuusu
Moses Walyomu Muwanika,e85b67aa-58cd-4ea9-9dda-44f543182d40
Mourine Osoru,77d51af4-c170-4075-ad2e-494eecf2b65a
Mubarak Munyagwa,d35069d4-8893-41c3-9d8f-eac6ef32f4be
Mudimi Ignatius Wamakuyu,02493a71-0b95-469f-abf0-6b0fec887f87
Mudimi Ignatius Wamakuyu,mudimi_ignatius_wamakuyu
Mudimi Nyasio Wamakuyu,616089b7-02e5-464d-bf36-172eb6aa0073
Mugarra Martin Bahinduka,0928e4d7-4a11-41c4-860c-c92b17af3674
Mugarra Martin Bahinduka,mugarra_martin_bahinduka
Muguli John Wilson Wagonda,muguli_john_wilson_wagonda
Mugumya Erasmus Magulumaali,mugumya_erasmus_magulumaali
Muhamad Muyanja Mbabali,c458c17d-4edf-4084-9610-0b9b98619e85
Muhammad Kivumbi Muwanga,ddcdd292-bbcf-43dd-aef5-017faa561087
Muhammad Kivumbi Muwanga,muhammad_kivumbi_muwanga
Muhammad Nsereko,67a17eec-26a7-481d-9d43-8d712a1659dd
Muhammad Nsereko,muhammad_nsereko
Muhanga Margaret Mugisa,muhanga_margaret_mugisa
Muhindo Elijah Kyetunda,muhindo_elijah_kyetunda
Mukasa Peter Bakaluba,582ca5c5-8a79-4a1c-a0f0-c90f43a2c2ad
Mukasa Peter Bakaluba,mukasa_peter_bakaluba
Mukitale Stephen Adyeeri Biraahwa,54920239-58a9-4eb1-ac80-83d72b125207
Mukitale Stephen Adyeeri Biraahwa,mukitale_stephen_adyeeri_biraahwa
Mulindwa.E Birimumaaso,mulindwa.e_birimumaaso
Muranga Joseph Kule,muranga_joseph_kule
Muruli Wilson Mukasa,06d11c72-2699-4e86-8a54-fc96843f5c31
Muruli Wilson Mukasa,muruli_wilson_mukasa
Musa Ecweru,13e2534d-7ae4-4643-a566-791de3af3a9c
Musa Francis Ecweru,13e2534d-7ae4-4643-a566-791de3af3a9c
Musa Francis Ecweru,musa_francis_ecweru
Musisi Tom Kazibwe,musisi_tom_kazibwe
Musoke Daniel Kiwalabye,musoke_daniel_kiwalabye
Musumba Proscovia.N Salaamu,musumba_proscovia.n_salaamu
Mutiti Jonathan Nyendwoha,mutiti_jonathan_nyendwoha
Mutumba Richard Sebuliba,7a875306-5eab-4abd-b57f-bf6cd232d5ee
Mutumba Richard Sebuliba,mutumba_richard_sebuliba
Mutwalante Jeremiah Twa-Twa,a7b803e7-601a-4c1b-a58e-fb764bb96c86
Mutwalante Jeremiah Twa-Twa,mutwalante_jeremiah_twa-twa
Muyanja Mbabaali,c458c17d-4edf-4084-9610-0b9b98619e85
Muzaale Martin Kisule Mugabi,88d0c495-4a51-42fc-89a0-148ada7ca1d8
Muzaale Martin Kisule Mugabi,muzaale_martin_kisule_mugabi
Mwesigwa Rukutana,0936738b-380d-41c9-b9cb-dd32f4f4363f
Mwesigwa Rukutana,mwesigwa_rukutana
Mwesigye Steven Basaliza,mwesigye_steven_basaliza
Mwine Mpaka Rwamirama,13eb1e2a-fb0f-4b4e-a1d7-898ac0f0df75
N. Stephen Tashobya,0d643b49-9bfa-4fde-bd2b-ae8ec20e5863
N. Stephen Tashobya,n._stephen_tashobya
Nabeta Nathan Samson Igeme,nabeta_nathan_samson_igeme
Nabilah Sempala Naggayi,4803426c-7d23-491c-91e9-24081dcd606f
Nabilah Sempala Naggayi,nabilah_sempala_naggayi
Nakiboneka Victoria M Mwaka,nakiboneka_victoria_m_mwaka
Nakwang Christine Tubbo,nakwang_christine_tubbo
Nalubega Lydia Balemezi,nalubega_lydia_balemezi
Namabidde Sylvia Sinabulya,namabidde_sylvia_sinabulya
Nambooze Betty Bakireke,04130522-0943-48e4-823b-422f80c324d8
Nambooze Betty Bakireke,nambooze_betty_bakireke
Nandala Mafabi,589f4f4f-a3c4-42cb-a7ed-1099c82d8b05
Nansubuga Sarah Nyombi,nansubuga_sarah_nyombi
Nantume Janepher Egunyu,96d745ae-b14c-46dc-92d6-dcb8aaf88c13
Nantume Janepher Egunyu,nantume_janepher_egunyu
Naome Kabasharira,c2c5f94f-b227-43e5-8e49-22542980b646
Naome Kabasharira,naome_kabasharira
Nasser Basajjabalaba,nasser_basajjabalaba
Nathan Byanyima,nathan_byanyima
Nathan Itungo,82b7c260-394f-4d8a-82ff-4ae0d7d73775
Nathan Nandala-Mafabi,589f4f4f-a3c4-42cb-a7ed-1099c82d8b05
Nathan Nandala-Mafabi,nathan_nandala-mafabi
Nathan Samson Igeme Nabeta,0788310f-a50e-4911-8c40-6f2ab24fe2ed
Ndawula Ali Sekyanzi,ndawula_ali_sekyanzi
Ndiwa Kapkomu Kapkwomu,ndiwa_kapkomu_kapkwomu
Nelson Lufafa,8369d1e2-3ffd-4718-8b0c-23679a2cc3c5
Nelson Sabila,53277710-6063-4384-91a7-e91c47d48648
Nelson Sabila,nelson_sabila
Ngabu William Kwemara,67c3d223-4d00-4926-93eb-c5ebc42b17bb
Ngabu William Kwemara,ngabu_william_kwemara
Nicholas Davis Gole,nicholas_davis_gole
Niyibizi Silver (Sp.Rtd) Bahane,niyibizi_silver_(sp.rtd)_bahane
Noah Wanzala Mutebi,05141c6d-0b0e-4fbf-831b-43693d40cab8
Noble (Lt.Col) Mayombo,noble_(lt.col)_mayombo
Norah Nyendwhoha Bigirwa,2476273d-32d5-44c3-9732-c396616f63c2
Norbert Mao,norbert_mao
Norman Ibrahim Muwulize,norman_ibrahim_muwulize
Nsaba Buturo,1d223bed-e870-4b97-b94e-79ebe7243023
Nsaba James Buturo,nsaba_james_buturo
Nsambu John.C Alintuma,nsambu_john.c_alintuma
Nsambu. Y Nsubuga,nsambu._y_nsubuga
Nsereko Wakayima,60b4a166-01ba-4abf-95a3-691b07fda523
Nsubuga Mathius Birekeraawo,601fe066-dc68-4bd3-81ef-f88f16a94edd
Nsubuga Mathius Birekeraawo,nsubuga_mathius_birekeraawo
Nulu Byamukama,72ec8496-633d-4286-9e3e-5d836dd9f51d
Nulu Byamukama,nulu_byamukama
Nusura Tiperu,nusura_tiperu
Nyakairima Aronda,nyakairima_aronda
Nyakaisiki Beatrice Byenkya,nyakaisiki_beatrice_byenkya
Obaloker Hilary Onek,1b0cc67e-4402-4041-afa1-ce21c5b3fcf8
Obaloker Hilary Onek,obaloker_hilary_onek
Oboi Patrick Amuriat,43d4d610-6783-4266-a146-d53c44c1fe7c
Oboi Patrick Amuriat,oboi_patrick_amuriat
Obote Clement Keneth Ongalo,98146342-6016-4bc2-ac6f-29da32459852
Obote Clement Keneth Ongalo,obote_clement_keneth_ongalo
Ocula Michael Nyeko,ocula_michael_nyeko
Odo Tayebwa,7405876b-730c-4566-8220-f6e3e5d0822b
Odo Tayebwa,odo_tayebwa
Odwong Jane Akwero,odwong_jane_akwero
Odwori Martin Wandera,odwori_martin_wandera
Ofwono Apollo Yeri,ofwono_apollo_yeri
Ogong Felix Okot,c880b8df-4596-4962-8872-94da5e52b635
Ogong Felix Okot,ogong_felix_okot
Ogwal Benson Obua,2da5e37b-18ae-4930-9591-e8dbe9f74517
Ogwal Benson Obua,ogwal_benson_obua
Ogwal Cecilia Barbara Atim,40177b13-fcef-4b8e-b7c1-6248d587dd05
Ogwal Cecilia Barbara Atim,ogwal_cecilia_barbara_atim
Ojara Okin,c5b6e7a5-529c-4981-8a1f-db51eb413a8b
Okello John Livingstone Okello,okello_john_livingstone_okello
Okot Omodi,okot_omodi
Okullo Betty Akech,okullo_betty_akech
Okuti Nasur Saidi,okuti_nasur_saidi
Okwenye Annet Nyakecho,ee5cc6c1-bd12-4909-9848-cf0dae2c8a8b
Okwenye Annet Nyakecho,okwenye_annet_nyakecho
Oliver Katwesigye,c9e78d1d-db2f-468f-9faf-cddcc3e59ac1
Oliver Katwesigye,oliver_katwesigye
Oliver Wonekha,oliver_wonekha
Omach Fred Mandir Jacan,0de8e76e-f582-4f17-b508-d418c128d56e
Omach Fred Mandir Jacan,omach_fred_mandir_jacan
Omara Daniel Atubo,omara_daniel_atubo
Omwony Florence Adong,omwony_florence_adong
Omwony Ojwok,omwony_ojwok
Omwonya Oribdhogu Stanley,6cc57172-c32b-4aa7-8a5e-13ebaeac501e
Onesmus Twinamatsiko,3998e05d-45b8-4c78-9e92-ae22d754450f
Onyango Kakoba,986fbb36-77f7-482b-8030-15cf346462f4
Onyango Kakoba,onyango_kakoba
Oscar Omony,c75709af-cfab-43c9-a6ba-a5815bd5662c
Otaala Emmanuel Otiam,otaala_emmanuel_otiam
Otafiire Kahinda,8fa4b646-b14c-41cb-8976-b5f7e9fa3d84
Otafiire Kahinda,otafiire_kahinda
Othman Haruna Alonga,othman_haruna_alonga
Otim Margaret Ateng,otim_margaret_ateng
Otto Odonga,ccc318a3-2ffa-41f9-9b86-c367be8e529d
Otto Odonga,otto_odonga
Oywelowo Fox Odoi,a73abd43-a329-4ebe-a418-5cb160513256
Oywelowo Fox Odoi,oywelowo_fox_odoi
Pacutho Betty Udongo,pacutho_betty_udongo
Pamela Nasiyo Kamugo,5b90cbb5-0d68-4aa8-81d5-1304da8be75c
Pascal Odoch,pascal_odoch
Patrick Apuun,patrick_apuun
Patrick Isiagi Opolot,afb86dfa-921f-47a7-9a52-670563c512b6
Patrick John Mwondha,patrick_john_mwondha
Patrick K. Mabirizi Nsanja,486a64bc-ff4a-4ebf-8873-2d3d92a4e7a2
Patrick K. Mabirizi Nsanja,patrick_k._mabirizi_nsanja
Patrick Kasumba,3c6aa42b-8b31-4f67-84c7-be81d649d0b4
Patrick Lodoi Mutono,769198c2-8620-4bdd-9573-96160ef04098
Patrick Lodoi Mutono,patrick_lodoi_mutono
Patrick Mulindwa,4c9a3fda-29ac-44e2-add1-0cdc2bdc7891
Patrick Mulindwa,patrick_mulindwa
Patrick Nakabale,ae6fd67d-2961-4370-97a6-68bea1462bfe
Patrick Nakabale,patrick_nakabale
Patrick Nsamba Oshabe,3c061def-7116-4532-be58-d363cab04963
Patrick Okabe,dad2dad2-63d5-421f-955e-7e7cc1754024
Paul Akamba,56286bf5-8c8f-4d9b-be4e-06fa21fece6f
Paul Amoru,32f79571-5611-42a8-b231-7608bfacba0a
Paul Asaba Nsabimana,81ec378d-923c-4bc6-ad5d-876cf8730ea1
Paul Lutamaguzi Semakula,722475bc-bb36-4439-8d1c-1e36ab57fff3
Paul Musoke,3d72b1a4-2dca-4e4c-94fc-f5e2fa6317ae
Paul Mwiru,7997f55b-7c09-4812-bdd3-4b1d6d180b12
Paul Mwiru,paul_mwiru
Paul Reuben Chelimo,9ff9340a-b4d4-4e6e-98b3-10ffe723cd26
Pauline Kemirembe Kyaka,e7d638bb-5945-4bd3-8e96-a3886364fe80
Peace Kanyesigye Mubiru Kusasira,85b514f9-450e-4abe-b204-8ab56857d7db
Peace Kanyesigye Mubiru Kusasira,peace_kanyesigye_mubiru_kusasira
Pentagon Innocent Kamusiime,5b1e4813-74a1-4dcb-a43c-019fe7266473
Persis Namuganza,79fdbc3b-8026-471e-adfa-33bcf2419d44
Peter Abrahams Lokii,f76297bf-01bb-4d55-86e2-733e21ddde73
Peter Abrahams Lokii,peter_abrahams_lokii
Peter Claver Barnabas Mutuluuza,peter_claver_barnabas_mutuluuza
Peter Emmanuel Eriaku,0a0d064d-a8db-4a1a-9998-d7afa6148857
Peter Emmanuel Eriaku,peter_emmanuel_eriaku
Peter Kasenene,peter_kasenene
Peter Lokeris,5da75bfc-b0ba-4e5b-b2cf-814c75a387ff
Peter Mugema,2447ecd7-83c5-48c0-9c3b-2688905e3295
Peter Mugema,peter_mugema
Peter Nyombi,50e14da4-683f-422c-ae88-229fa1acaed9
Peter Nyombi,peter_nyombi
Peter Ocen Akalo,9399c020-3c61-4721-b8ae-a63d1621d811
Peter Ogwang,fd6b56b9-5f6e-4f93-8fc4-d7c1d1187b8b
Peter Ogwang,peter_ogwang
Peter Okeyoh,44d78c5d-f7d9-4a90-a509-bad6fd020850
Peter Okeyoh,peter_okeyoh
Peter Okot,fd60b10b-86e6-42fe-92b1-05690f561564
Peter Omolo,8db6bdb3-2882-4b74-bd97-1cacc206ec98
Peter Omolo,peter_omolo
Peter Patrick Ochieng,peter_patrick_ochieng
Peter Sematimba,8e4f211d-1533-45c2-9b74-121434f9b521
Philip Mary Ntacyotugira,philip_mary_ntacyotugira
Phyllis Chemutai,89297a62-1c9f-4a8f-900c-175a259c227e
Phyllis Chemutai,phyllis_chemutai
Pirir Samuel Abura,pirir_samuel_abura
Pius Mujuzi,pius_mujuzi
Pius Wakabi,58e1a057-f0d5-4925-98e0-23e50cae990c
Proscovia Oromait Alengot,51d19300-1403-471c-9003-4d83c6ec7f5f
Proscovia Oromait Alengot,proscovia_oromait_alengot
Ramadhan Kyamulesire,ramadhan_kyamulesire
Raphael Magyezi,d055198d-5f40-48fd-812d-349e4a92769e
Raphael Magyezi,raphael_magyezi
Rebecca Amuge Otengo,9bccfac9-ef4e-4e8c-b051-06e77151c24a
Rebecca Balwana Nalwanga,rebecca_balwana_nalwanga
Rebecca Kadaga,c91436c9-5990-4932-aa3e-b5e677f3037b
Rebecca Kadaga Alitwala,c91436c9-5990-4932-aa3e-b5e677f3037b
Rebecca Kadaga Alitwala,rebecca_kadaga_alitwala
Rebecca Otengo Amuge,9bccfac9-ef4e-4e8c-b051-06e77151c24a
Rebecca Otengo Amuge,rebecca_otengo_amuge
Rehema Watongola,3d5ac3b5-779a-4f11-87b6-307038db4aef
Remigio Achia,c9729da1-544d-4ea6-afe6-f3cfb37a2229
Remigio Achia,remigio_achia
Rhoda Acen,rhoda_acen
Richard Gafabusa,948591a3-60c4-48a2-bb66-b6a2a8bcd9d4
Richard Mukula,richard_mukula
Richard Nduhuura,richard_nduhuura
Richard Okoth Othieno,b4b97958-e7f0-468b-a2c1-7e2426d52274
Richard Oseku,b83c3883-d627-4e70-b4f4-d20bcfd439c4
Richard Todwong,6b42c95a-ba95-4836-9e50-95c0ef197ac8
Richard Todwong,richard_todwong
Ringa Patrick Aloysius Okumu,ringa_patrick_aloysius_okumu
Robert Kashaija,robert_kashaija
Robert Kasolo,d46020c0-17ef-46ab-a0d6-9a2ccb58f635
Robert Musoke,a8a700f9-585a-43f5-841d-f7f09c2f60b4
Robert Ndugwa Migadde,63e7b64f-bd5b-4808-8b78-64969ba55f7d
Robert Ndugwa Migadde,robert_ndugwa_migadde
Robert Ntende*,e4ce2336-f156-44c6-99c5-411df3017fe3
Robert Sebunya Kasule,91a8fa6a-1627-4298-984e-c94b8aa35f12
Robert Sebunya Kasule,robert_sebunya_kasule
Robinah Nabbanja,dd8e6aec-1172-42ed-ac75-bd4e00342e12
Robinah Nabbanja,robinah_nabbanja
Robinah Rwakojo,191acbe0-2cef-4e70-83cb-381ec616886b
Rogers Matte,rogers_matte
Roland Mugume,9c2e4f41-f3bc-44b3-98da-f6f26bde4707
Roland Mugume,roland_mugume
Ronah Rita Ninsiima,9c5e6996-0df8-408b-8844-4f50829bad7e
Ronah Rita Ninsiima,ronah_rita_ninsiima
Ronald Kibuule,fc52ca03-16bd-494a-9540-305074bc30cb
Ronald Kibuule,ronald_kibuule
Ronald Reagan Okumu,22c53c7f-c930-43f4-b096-3c6392358409
Ronald Reagan Okumu,ronald_reagan_okumu
Rose Atima Ayaka,e3b5a44c-bb6c-4c77-8850-ec3fe9dc5064
Rose Iriama,a65a2941-1ac5-4e49-89de-75c411dd5376
Rose Iriama,rose_iriama
Rose Kabagyenyi,86822bfa-9be7-4566-83bd-7dfe607fdff4
Rose Lilly Akello,10cd4e34-7e97-4e45-a259-e1430eb947d4
Rose Lilly Akello,rose_lilly_akello
Rose Masaba Mutonyi,91791858-320b-4807-b586-d0716c0f883a
Rose Masaba Mutonyi,rose_masaba_mutonyi
Rose Namayanja,b4ed990c-effb-47fa-85d2-4e3976a75724
Rose Nsereko Namayanja,b4ed990c-effb-47fa-85d2-4e3976a75724
Rose Nsereko Namayanja,rose_nsereko_namayanja
Rose Okullu Akol,208ed326-da5c-44f5-88a6-4482dd854482
Rose Okullu Akol,rose_okullu_akol
Rosemary Muyinda Najjemba,9342bbcd-fc66-4770-8290-331e7b4ce6a8
Rosemary Muyinda Najjemba,rosemary_muyinda_najjemba
Rosemary Najjemba,9342bbcd-fc66-4770-8290-331e7b4ce6a8
Rosemary Nauwat,f8ff9645-7569-45ab-833a-1e3a690c29c9
Rosemary Nauwat,rosemary_nauwat
Rosemary Nyakikongoro,5e4cc83a-7c3b-4835-bede-6223f891d150
Rosemary Nyakikongoro,rosemary_nyakikongoro
Rosemary Tumusiime,3f82f96c-8231-4b5c-a116-ae87ca017818
Rosette Christine Kajungu,d026fdf1-e0b3-4b4c-99d6-9ea549601418
Rugunda Ruhakana,e011384f-4a11-40af-889d-249173d6998c
Rugunda Ruhakana,rugunda_ruhakana
Ruhakana Rugunda,e011384f-4a11-40af-889d-249173d6998c
Ruhindi Hope Mwesigye,ruhindi_hope_mwesigye
Rukiya Chekamondo,8cdd9687-bbc3-472b-83b8-2360dbd090a0
Rukiya Kulany Chekamondo,8cdd9687-bbc3-472b-83b8-2360dbd090a0
Rukiya Kulany Chekamondo,rukiya_kulany_chekamondo
Rusoke Victoria Businge,ae28b38b-3188-478a-b546-e855ac25a001
Rusoke Victoria Businge,rusoke_victoria_businge
Rutamwebwa Mary Mugyenyi,rutamwebwa_mary_mugyenyi
Rutangye Nagudi Erinah Wangwa,rutangye_nagudi_erinah_wangwa
Ruth Katushabe,9315c31c-90b6-4729-bd8d-425fae0e6d81
Ruth Molly Ondoru Lematia,04f04af1-e7ff-412b-b4b6-08d717f839be
Ruth Molly Ondoru Lematia,ruth_molly_ondoru_lematia
Ruth Nankabirwa,41116149-8d11-4673-95b3-6db1b6e03858
Ruth Sentamu Nankabirwa,41116149-8d11-4673-95b3-6db1b6e03858
Ruth Sentamu Nankabirwa,ruth_sentamu_nankabirwa
Ruth Tuma,ruth_tuma
Rwakaikara Tom Butime,rwakaikara_tom_butime
Rwakajara K. Arinaitwe,8a254cc7-bfd8-4424-8276-45080921f151
Rwakajara K. Arinaitwe,rwakajara_k._arinaitwe
Rwebembera James Kiiza,aa7b9d7d-9291-4309-b5d1-c262f297e6c4
Rwebembera James Kiiza,rwebembera_james_kiiza
Sabano Pherry Kabanda,sabano_pherry_kabanda
Safia Juuko Nalule,90e71b5d-edb3-4c26-9045-01cdd1fad6bc
Safia Juuko Nalule,safia_juuko_nalule
Saida Bbumba,b2a7b78b-e0d4-4008-9bb0-18f0e91c7cfb
Saleh Kamba,27424f37-bf7f-4618-8c6c-b59975be930a
Saleh Moses Wilson Kamba,27424f37-bf7f-4618-8c6c-b59975be930a
Saleh Moses Wilson Kamba,saleh_moses_wilson_kamba
Sam Agatre Okuonzi,f69c72f0-2c47-4918-b830-11f5ed5c9a8b
Sam Agatre Okuonzi,sam_agatre_okuonzi
Sam Bitangaro,be9884d0-1489-43ef-b7f0-ef3a9e1e5ea2
Sam Byibesho,90adbac5-c04b-4708-89a7-5143e354619f
Sam Cheptoris,1145ea03-1dcd-4300-8eb3-26452a62512c
Sam Engola,d45de64b-da57-4f4e-ad22-7a9d30e778c5
Sam Engola,sam_engola
Sam Kutesa,e12c07a3-5d37-47c0-aa36-25cc7688304e
Sam Otada,7d805d6a-37c9-4dd0-a695-a59018402e6d
Sam Owor Amooti Otada,7d805d6a-37c9-4dd0-a695-a59018402e6d
Sam Owor Amooti Otada,sam_owor_amooti_otada
Samali Dorothy Hyuha,samali_dorothy_hyuha
Samson Lokeris,615f32ae-d2f1-48ae-93d3-3144e79331cc
Samson Lokeris,samson_lokeris
Samuel Anyolo,samuel_anyolo
Samuel Kalega Njuba,samuel_kalega_njuba
Samuel Lyomoki,f149e08f-fff4-448f-bb21-d0f9cc164a47
Samuel Lyomoki,samuel_lyomoki
Samuel Okwir,6a59bf9a-33c2-4276-94d1-3c7f98f5d847
Samuel Ssemugaba,3f6f0cc4-7ffe-4b6f-8a14-becd173e5f25
Samuel Ssemugaba,samuel_ssemugaba
Sanjay Tanna,7be6eac0-1471-4ba4-bebf-41a869f22fb8
Sanjay Tanna,sanjay_tanna
Santa Ogwang Alum,0da7c788-83b1-4e46-b6b1-4d247148857d
Santa Ogwang Alum,santa_ogwang_alum
Santa Okot,santa_okot
Santos Eruaga Piro,santos_eruaga_piro
Sarah Achieng Opendi,6d218bca-d825-4b4e-98f7-0299112504cf
Sarah Babirye Kityo,ccca6420-7095-4ebf-8bbc-b9398a721008
Sarah Kataike,97df74e9-6a13-4041-a93d-7929d93b3439
Sarah Mateke Nyirabashitsi,3d481757-a15c-46ec-a8fa-f93f89182448
Sarah Mateke Nyirabashitsi,sarah_mateke_nyirabashitsi
Sarah Najjuma,5030be14-920c-43c8-930f-d655afd04b21
Sarah Nambozo Wekomba,b7539ab1-2217-4719-a7b1-9f6193f6b8d3
Sarah Ndoboli Kataike,97df74e9-6a13-4041-a93d-7929d93b3439
Sarah Ndoboli Kataike,sarah_ndoboli_kataike
Sarah Netalisire Kayagi,977ae5c1-220c-447e-8a70-1179bd9c433a
Sarah Netalisire Kayagi,sarah_netalisire_kayagi
Sarah Ochieng Lanyero,5f234f33-4479-4131-99f6-d77631df9bd4
Sarah Ochieng Lanyero,sarah_ochieng_lanyero
Sarah Opendi Achieng,6d218bca-d825-4b4e-98f7-0299112504cf
Sarah Opendi Achieng,sarah_opendi_achieng
Sarah Patience Mpabwa,85fe04be-a9b6-487e-9c2b-56a1b2e839df
Sarah Patience Mpabwa,sarah_patience_mpabwa
Sarah Temulanda Nakawunde,26223904-0b0c-4ae0-8986-341aece08729
Sarah Temulanda Nakawunde,sarah_temulanda_nakawunde
Sarah Wenene Mwebaza,66f62264-a224-45fc-960e-13f266cf5a23
Sarah Wenene Mwebaza,sarah_wenene_mwebaza
Sauda K. N Mugerwa,sauda_k._n_mugerwa
Sebagereka Victoria Kakoko,sebagereka_victoria_kakoko
Sebunya Israel Kibirige,sebunya_israel_kibirige
Sebutulo Augustine Nshimye,sebutulo_augustine_nshimye
Sekiziyivu Mary Margaret Nalugo,sekiziyivu_mary_margaret_nalugo
Seninde Rosemary Nansubuga,b24c7965-9e90-4c7c-874b-4144abf00b2b
Seninde Rosemary Nansubuga,seninde_rosemary_nansubuga
Serapio Rukundo,serapio_rukundo
Sezi Mbaguta,a63da915-ed40-4d9b-a4eb-f09c5cc741f1
Sezi Prisca Bessy Mbaguta,a63da915-ed40-4d9b-a4eb-f09c5cc741f1
Sezi Prisca Bessy Mbaguta,sezi_prisca_bessy_mbaguta
Sheila Mwine,643beb59-d265-4746-b8af-f9b4cfda3992
Shem Bageine,81d4965d-bc42-499d-89a6-52840ac8bc8f
Shem Bajura Bageine,81d4965d-bc42-499d-89a6-52840ac8bc8f
Shem Bajura Bageine,shem_bajura_bageine
Shinyabulo-Mutende James,7a583585-48f6-4f3e-b6ba-c40fc49d16ed
Silas Aogon,8d7b1fe4-f7e3-4577-bc0a-bf79c084fde9
Simeo Nsubuga,637d0715-0022-4d37-b02d-8e5a7444f2d1
Simon Akecha Toolit,simon_akecha_toolit
Simon D'Ujanga,59ff23fa-3dac-40f9-885b-f19b2f025752
Simon Ejua,simon_ejua
Simon Lokodo,29194e45-fd0e-460e-bc59-a02d16e7dfc7
Simon Lokodo,simon_lokodo
Simon Mayende,simon_mayende
Simon Mulongo,02943f3d-3f89-4beb-8433-547bc525e76f
Simon Mulongo,simon_mulongo
Simon Oyet,4349c4a1-c128-4d31-a3cf-b114c3e9ffa8
Simon Oyet,simon_oyet
Simon Peter Aleper,66d4d393-0210-442f-bc08-0fe0b15bafec
Simon Peter Aleper,simon_peter_aleper
Simon Peter Wonanzofu,simon_peter_wonanzofu
Simon Ross Euku,simon_ross_euku
Siryoyi Aggrey Awori,siryoyi_aggrey_awori
Solomon Silwanyi,d04f183a-cf84-403c-be4e-37a0e2bbcf55
Speciosa Kazibwe Wandira,speciosa_kazibwe_wandira
Spellanza Muhenda Baguma,0049fbb9-7309-4886-b2e1-1728ce3c6694
Ssekitoleko Robert Kafeero,1b4676c4-b7de-439b-9f36-3a649514797b
Ssekitoleko Robert Kafeero,ssekitoleko_robert_kafeero
Ssempala Kigozi,11af8715-508b-4d45-9289-4e55e4d13da6
Ssengo Emmanuel Kalule,ssengo_emmanuel_kalule
Ssozi Jerome Kaddumukasa,144cc97d-6b85-4f0d-8509-bc6d1e8b3ba1
Ssozi Jerome Kaddumukasa,ssozi_jerome_kaddumukasa
Stella Kizza,6e294671-6c8a-4dfb-9135-e52cc7633722
Stella Nyomera Namoe,6a214a8c-d27b-4b11-825d-9db6de614e13
Stella Nyomera Namoe,stella_nyomera_namoe
Stephen Chebrot,63f36d9c-1b09-4f34-b25a-834f8486cc65
Stephen Chemoiko Chebrot,63f36d9c-1b09-4f34-b25a-834f8486cc65
Stephen Chemoiko Chebrot,stephen_chemoiko_chebrot
Stephen Dede Mayende,4c61e6c8-fe2e-4d70-919a-f2debb1bfdb1
Stephen Dede Mayende,stephen_dede_mayende
Stephen Kagwera Kasaija,db542736-96f3-46f2-babc-86d5b54cdac3
Stephen Kagwera Kasaija,stephen_kagwera_kasaija
Stephen Kangwagye,5d234bf7-21a2-4502-9b74-95322b50f4e6
Stephen Kangwagye,stephen_kangwagye
Stephen Kisa Bakubalwayo,3e04e5e1-fc2e-4c1d-b033-29a3ec064ad2
Stephen Mugabi Baka,d84bcb37-93c7-474b-9cf2-d2b3c1b144f2
Stephen Mugabi Baka,stephen_mugabi_baka
Stephen Ochola,772f7a17-b433-4302-812a-ad287c5aae67
Stephen Ochola,stephen_ochola
Stephen Oscar Malinga,stephen_oscar_malinga
Steven Bamwanga,steven_bamwanga
Steven Kaliba,steven_kaliba
Sulaiman Kirunda Balyejjusa,7c8f7a10-2d61-4962-a8d3-03d77ef30a98
Sulaiman Kirunda Balyejjusa,sulaiman_kirunda_balyejjusa
Sulaiman Madada,9e7029a7-944b-4c37-ae6c-db7f22f5ba98
Susan Amero,4e4bc2d8-fe19-43e7-be9a-6ff5691091d4
Susan Amero,susan_amero
Susan Lakot,5303941a-c210-4392-826b-f2bbfd775f9b
Susan Lakot,susan_lakot
Susan Namaganda,63babd6d-9f32-45d8-bb4e-d223effa04de
Susan Namaganda,susan_namaganda
Suzan Matovu Nakawuki,suzan_matovu_nakawuki
Syda Bbumba,b2a7b78b-e0d4-4008-9bb0-18f0e91c7cfb
Syda M. Namirembe Bbumba,ac97bad8-8165-4b62-85a8-845ca2e636f1
Syda M. Namirembe Bbumba,syda_m._namirembe_bbumba
Sylivia Namabidde Ssinabulya,1a76b26f-29ed-449b-aea1-e419599294ee
Sylivia Namabidde Ssinabulya,sylivia_namabidde_ssinabulya
Sylvia Akello,12ae6f49-c634-4bde-8722-405069415d50
Sylvia Nayebale,1b864cc7-d892-4363-ab85-be96b7fb3753
Sylvia Rwabwogo,55d580e6-1fda-45ba-a4fd-c649bd353f90
Taban Christopher Mbalibulha,taban_christopher_mbalibulha
Tarsis Kabwegyere,e1d3130e-54e8-4312-a6ed-e2ee007d5fc2
Terence Naco Achia,cbda87f3-648d-4712-9435-7e959a540182
Terence Naco Achia,terence_naco_achia
Tete Chelangat,966d47af-d7a8-4bf8-90c6-db85ef1575cc
Thembo George William Nyombi,86fa2137-f073-4193-b9f4-9c775e53f792
Thembo George William Nyombi,thembo_george_william_nyombi
Thembo Nyombi,86fa2137-f073-4193-b9f4-9c775e53f792
Theodore Ssekikubo,2bd4786f-4502-4cb7-b5a2-fcab54653623
Theodore Ssekikubo,theodore_ssekikubo
Theopista Ssentongo Nabulya,67038250-7856-4d7e-83c8-ddb19fd3c9fc
Theopista Ssentongo Nabulya,theopista_ssentongo_nabulya
Thomas Tayebwa,738cff3b-1d64-4788-9421-2d36741dcb16
Timothy Mutekanga Lwanga,d38a84fa-0295-4498-a46e-376fdff67b72
Timothy Mutekanga Lwanga,timothy_mutekanga_lwanga
Tom Aza Alero,f41f4ccb-19fb-4d75-91c4-2aeadd8d4714
Tom Aza Alero,tom_aza_alero
Tom Butime,64cc2315-5375-4bc5-826a-b1f71eb12ec2
Tom Kayongo,tom_kayongo
Tom Samson Bagalana,tom_samson_bagalana
Tonny Ayoo,a78a8c4c-00d7-41e9-9a8c-4c982364c315
Tonny Ayoo,tonny_ayoo
Tophace Byagira Kaahwa,65cfd10a-4413-4fa8-b27f-e40900805482
Tophace Byagira Kaahwa,tophace_byagira_kaahwa
Tress Bucyanayandi,f0786e99-0f2d-47e0-8433-97a1cb9fcd9e
Tress Bucyanayandi,tress_bucyanayandi
Tungwako. E Twarebireho,tungwako._e_twarebireho
Unknown,25e66b8d-c882-4324-98bf-fa7545f46be5
Urban P.K Tibamanya,urban_p.k_tibamanya
Veronica Isala Eragu,30f24a0c-ce80-440a-8a1e-6aace3aa5473
Veronica Kadogo Babirye,82089e93-ef3b-477f-ae48-5f81a638a8d1
Veronica Kadogo Babirye,veronica_kadogo_babirye
Veronica Namaganda Nanyondo,4a68af8c-c56c-41ed-b3af-7098791e5579
Vicent Kyamadidi Mujuni,2d3f2abb-9e37-40e4-be8d-c98eae2cf53d
Vicent Kyamadidi Mujuni,vicent_kyamadidi_mujuni
Vicent Waboya,c1910d5a-2dfc-40d9-a7b0-06883c1331ad
Vincent Bamulangaki Ssempijja,d72cade0-cf87-41b4-a932-807bd912010f
Vincent Bamulangaki Ssempijja,vincent_bamulangaki_ssempijja
Vincent Makumbi Nyanzi,6af90a18-a332-4981-b357-0dfc4588a62c
Vincent Makumbi Nyanzi,vincent_makumbi_nyanzi
Vincent Nyanzi,6af90a18-a332-4981-b357-0dfc4588a62c
Vincent Ssempijja,d72cade0-cf87-41b4-a932-807bd912010f
Vincent Waiswa O. Bagiire,428c13c5-cb4d-48fc-80be-caffffe2a5c3
Vincent Waiswa O. Bagiire,vincent_waiswa_o._bagiire
Violet Adome Akurut,0a67979c-fa51-411a-832a-61312a434334
Wabudeya Beatrice Mukaye,wabudeya_beatrice_mukaye
Wabwire Omusolo Rose Munyira,wabwire_omusolo_rose_munyira
Wafula Oguttu,67978785-d469-4645-952d-7d337b201d8b
Wafula Phillip Oguttu,67978785-d469-4645-952d-7d337b201d8b
Wafula Phillip Oguttu,wafula_phillip_oguttu
Wamai Jack Wamanga,59226747-3da3-40a7-9780-328fd1853f09
Wamai Jack Wamanga,wamai_jack_wamanga
Wamala Katumba,762aefff-ee1f-44b7-808d-2bb5318fb574
Wamala Katumba,wamala_katumba
Wandendeya David Wakikona,8bdfb839-11a5-4162-9f89-cb207e4fafa6
Wandendeya David Wakikona,wandendeya_david_wakikona
Wasieba Sylvester Wanjusi,wasieba_sylvester_wanjusi
Werikhe Kafabusa,1399fa03-2a39-44fe-adfb-2e268162f14d
Werikhe Michael Kafabusa,1399fa03-2a39-44fe-adfb-2e268162f14d
Werikhe Michael Kafabusa,werikhe_michael_kafabusa
Wesonga Edward Kamana,wesonga_edward_kamana
Wilberforce Yaguma,1b324f67-434c-4434-bc9d-131a2bcfac16
Wilberforce Yaguma,wilberforce_yaguma
Wilfred Kajeke,wilfred_kajeke
Wilfred Niwagaba,93a1f5bc-749b-4eb5-8184-eb45b7d7b3ef
Wilfred Niwagaba,wilfred_niwagaba
William Kiwagama,william_kiwagama
William Nsubuga,william_nsubuga
William Okecho,william_okecho
William Sitenda-Sebalu,william_sitenda-sebalu
William Wilson Nokrach,09ed725b-e91c-4ed0-a58c-538aedabe487
William Wilson Nokrach,william_wilson_nokrach
William Zinkuratire Beijuke,53b9657c-92ac-407b-aa6e-75464c2bf881
Willy Washington Anokbonggo,willy_washington_anokbonggo
Wilson Muruuli Mukasa,06d11c72-2699-4e86-8a54-fc96843f5c31
Winfred Komuhangi Masiko,1685f88f-a498-4d9e-aa14-c380a946e240
Winifred Kiiza,f3b29c66-1957-4e60-abe5-ee546ae4e8b5
Winifred Kiiza,winifred_kiiza
Xavier Akampurira Kyooma,053883e6-a1c0-4b2d-bc1c-77cf42dcf4c8
Xavier Akampurira Kyooma,xavier_akampurira_kyooma
Yahaya Gudoi,41b8987c-ddad-45f8-a5aa-853b364eba5e
Yahaya Gudoi,yahaya_gudoi
Yekko John Arapkissa,yekko_john_arapkissa
Yeri Ofwono Apollo,87b4154e-ced2-46d2-b5a1-d92936071a1d
Yona Musinguzi,a380c3bf-189d-4b40-afb5-c26ecafff528
Yona Musinguzi,yona_musinguzi
Yorke Odria Alioni,12550afb-c753-47f7-ba9e-14955b8bb3bc
Yorokamu Bategana Katwiremu,00d4c806-2ab7-45be-bf37-1ac8c553ad0b
Yorokamu Bategana Katwiremu,yorokamu_bategana_katwiremu
Zaake Wanume Kibedi,zaake_wanume_kibedi
Zachary Olum,zachary_olum
Zaitun Driwaru,43c22bd7-dd6a-4768-99ed-8c6dc27195fe
Zerubabel Mijumbi Nyiira,4afb0e13-f03b-49a8-9901-8dc531198aae
Zerubabel Mijumbi Nyiira,zerubabel_mijumbi_nyiira
Zerubabel Nyiira,4afb0e13-f03b-49a8-9901-8dc531198aae
Zirabamuzale Beatrice Menya Magoola,zirabamuzale_beatrice_menya_magoola
Αμάμα Μπαμπάζι,8fa89819-6bec-438f-9b29-a4dbfcfb4e79
Ρουχακάνα Ρουγκούντα,e011384f-4a11-40af-889d-249173d6998c
Τζάνετ Μουσέβενι,600ed41f-be37-489a-a9e1-3b6abe43414f
Илари Онек,1b0cc67e-4402-4041-afa1-ce21c5b3fcf8
"Мбабази, Амама",8fa89819-6bec-438f-9b29-a4dbfcfb4e79
"Ругунда, Рухакана",e011384f-4a11-40af-889d-249173d6998c
جانيت موسيفيني,600ed41f-be37-489a-a9e1-3b6abe43414f
سام كوتيسا,e12c07a3-5d37-47c0-aa36-25cc7688304e
アママ・ムババジ,8fa89819-6bec-438f-9b29-a4dbfcfb4e79
アリニ・ムロニ,137413eb-26f0-455c-afe6-060cfd1c46a3
カヒンダ・オタフィーレ,8fa4b646-b14c-41cb-8976-b5f7e9fa3d84
サム・クテサ,e12c07a3-5d37-47c0-aa36-25cc7688304e
ルハカナ・ルグンダ,e011384f-4a11-40af-889d-249173d6998c
卡图姆巴·瓦曼拉,762aefff-ee1f-44b7-808d-2bb5318fb574
卡圖姆巴·瓦曼拉,762aefff-ee1f-44b7-808d-2bb5318fb574
瑪麗·卡羅羅·歐古魯特,8f938c8c-5ed8-4d19-b024-210837e5b6c9
萨姆·库泰萨,e12c07a3-5d37-47c0-aa36-25cc7688304e
魯哈卡納·魯貢達,e011384f-4a11-40af-889d-249173d6998c
鲁哈卡纳·鲁贡达,e011384f-4a11-40af-889d-249173d6998c
