id,name__fr,name__en,name,wikipedia__fr,gender,birth_date,death_date,given_name,original_wikiname,name__it,name__nl,name__hu,name__pt,name__es,name__de,wikipedia__en,wikipedia__pt,name__el,name__ty,name__nb,name__da,name__nn,name__sv,name__tr,name__pl,name__ko,wikipedia__el,wikipedia__ko,wikipedia__pl,wikipedia__tr,wikipedia__ty,image,family_name,identifier__sycomore,twitter,facebook,name__vi,name__ca,name__lt,name__fi,wikipedia__ca,wikipedia__es,wikipedia__fi,wikipedia__lt,wikipedia__no,wikipedia__vi,identifier__freebase,name__cy,name__ru,wikipedia__nl,wikipedia__ru,name__ja,name__en_ca,name__en_gb,wikipedia__de,identifier__ISNI,identifier__VIAF,identifier__GND,identifier__LCAuth,identifier__BNF,identifier__SUDOC,identifier__EuroparlMEP,identifier__senatDOTfr,identifier__FAST,name__zh,website,name__et,name__hr,name__la,wikipedia__commons,wikipedia__et,wikipedia__hr,wikipedia__it,wikipedia__la,wikipedia__sv,name__sh,wikipedia__sh,wikipedia__ar,name__ar,name__zh_hant,name__zh_cn,wikipedia__zh,occupation
Q1106890,Édouard Fritch,Édouard Fritch,Édouard Fritch,Édouard Fritch,male,1952-01-04,,Édouard,Édouard Fritch,,Édouard Fritch,Édouard Fritch,,Édouard Fritch,Édouard Fritch,Édouard Fritch,,Εντουάρ Φριτς,Edouard Fritch,Édouard Fritch,Édouard Fritch,Édouard Fritch,Édouard Fritch,Édouard Fritch,Édouard Fritch,에두아르 프리슈,Εντουάρ Φριτς,에두아르 프리슈,Édouard Fritch,Édouard Fritch,Edouard Fritch,https://upload.wikimedia.org/wikipedia/commons/4/45/Édouard_Fritch_Marché_Papeete.JPG,Fritch,10617,,edouardfritch.depute,,,,,,,,,,,,,,,,,,,,,,,,,,,,,愛德華·弗里奇,,,,,,,,,,,,,إدوارد فريتش,إدوارد فريتش,,,愛德華·弗里奇,politician
Q16024923,John Teariki,John Teariki,John Teariki,John Teariki,male,1914-07-12,1983-10-05,John,John Teariki,,,,,,,,,,,,,,,,,,,,,,,,,6972,,,,,,,,,,,,,,,,,,,,,,,207286085,,,,144137313,,,,,,,,,,,,,,,,,,,,,,politician
Q16266514,Roger Doom,Roger Doom,Roger Doom,Roger Doom,male,1935-02-15,2016-09-16,Roger,Roger Doom,Roger Doom,Roger Doom,,,,,,,,,,,,,,,,,,,,,https://upload.wikimedia.org/wikipedia/commons/e/e1/Roger_DOOM.jpg,,,,,,,,,,,,,,,,,,,,,,,,,,,,,,,,,,,,,,,,,,,,,,,,,,,politician
Q16538595,Charles Vernier,Charles Vernier,Charles Vernier,Charles Vernier (homme politique),male,1883-06-27,1966-06-12,Charles,Charles Vernier (homme politique),,,,,,,,,,,,,,,,,,,,,,,,,7225,,,,,,,,,,,,,,,,,,,,,,,227051039,,,10625110d,057756775,,,,,,,,,,,,,,,,,,,,,,politician
Q16631934,Emma Maraea,Emma Maraea,Emma Maraea,Emma Maraea,female,,,Emma,Emma Maraea,Emma Maraea,Emma Maraea,,,,,,,,,,,,,,,,,,,,,,,,,,,,,,,,,,,,,,,,,,,,,,,,,,,,,,,,,,,,,,,,,,,,,,,,politician
Q16661468,Lucette Taero,Lucette Taero,Lucette Taero,Lucette Taero,female,1957-03-26,,Lucette,Lucette Taero,Lucette Taero,,,,,,,,,,,,,,,,,,,,,,,,,,,,,,,,,,,,,,,,,,,,,,,,,,,,,,,,,,,,,,,,,,,,,,,,,
Q16679400,Teura Tarahu-Atuahiva,Teura Tarahu-Atuahiva,Teura Tarahu-Atuahiva,Teura Tarahu-Atuahiva,female,,,Teura,Teura Tarahu-Atuahiva,Teura Tarahu-Atuahiva,Teura Tarahu-Atuahiva,,,,,,,,,,,,,,,,,,,,,https://upload.wikimedia.org/wikipedia/commons/5/56/Teura_Tarahu-Atuahiva.jpg,,,,,,,,,,,,,,,,,,,,,,,,,,,,,,,,,,,,,,,,,,,,,,,,,,,politician
Q16679402,Teva Rohfritsch,Teva Rohfritsch,Teva Rohfritsch,Teva Rohfritsch,male,1975-02-03,,,Teva Rohfritsch,Teva Rohfritsch,,,,,,,,,,,,,,,,,,,,,,,,,,,,,,,,,,,,,,,,,,,,,,,,,,,,,,,,,,,,,,,,,,,,,,,,,
Q16682589,Victor Maamaatuaiahutapu,Victor Maamaatuaiahutapu,Victor Maamaatuaiahutapu,Victor Maamaatuaiahutapu,male,,,Victor,Victor Maamaatuaiahutapu,Victor Maamaatuaiahutapu,,,,,,,,,,,,,,,,,,,,,,,,,,,,,,,,,,,,,,,,,,,,,,,,,,,,,,,,,,,,,,,,,,,,,,,,,politician
Q16685221,Émile Le Caill,Émile Le Caill,Émile Le Caill,Émile Le Caill,male,1919,1985-10-13,Émile,Émile Le Caill,,,,,,,,,,,,,,,,,,,,,,,,,,,,,,,,,,,,,,,,,,,,,,,,,,,,,,,,,,,,,,,,,,,,,,,,,,
Q17350905,Maina Sage,Maina Sage,Maina Sage,Maina Sage,female,1975-05-10,,Maina,Maina Sage,Maina Sage,Maina Sage,,,,,,,,,,,,,,,,,,,,,https://upload.wikimedia.org/wikipedia/commons/1/13/Maina_Sage.jpg,Sage,,MainaSage,MainaSageDeputee,,,,,,,,,,,,,,,,,,,,,,,,,,,,,,http://mainasage.fr/,,,,,,,,,,,,,,,,,politician
Q18214789,Joëlle Frébault,Joëlle Frébault,Joëlle Frébault,Joëlle Frébault,female,,,Joëlle,Joëlle Frébault,,Joëlle Frébault,,,,,,,,,,,,,,,,,,,,,,,,,,,,,,,,,,,,,,,,,,,,,,,,,,,,,,,,,,,,,,,,,,,,,,,,politician
Q18214955,Teura Iriti,Teura Iriti,Teura Iriti,Teura Iriti,female,1965-01-07,,Teura,Teura Iriti,Teura Iriti,Teura Iriti,,,,,,,,,,,,,,,,,,,,,,,,,,,,,,,,,,,,,,,,,,,,,,,,,,,,senateur/iriti_teura14044w,,,,,,,,,,,,,,,,,,,,politician
Q18215076,Nuihau Laurey,Nuihau Laurey,Nuihau Laurey,Nuihau Laurey,male,1964,,,Nuihau Laurey,,,,,,,Nuihau Laurey,,,,,,,,,,,,,,,,https://upload.wikimedia.org/wikipedia/commons/f/ff/Nuihau_Laurey.jpg,,,,,,,,,,,,,,,,,,,,,,,,,107066099,,,16181055b,136503055,,,,尼奧·洛雷,,,,,,,,,,,,,,,,,,politician
Q18414743,Marcel Tuihani,Marcel Tuihani,Marcel Tuihani,Marcel Tuihani,male,1971,,Marcel,Marcel Tuihani,Marcel Tuihani,,,,,,Marcel Tuihani,,,,,,,,,,,,,,,,https://upload.wikimedia.org/wikipedia/commons/6/67/Tuihani_Marcel.jpg,,,,,,,,,,,,,,,,,,,,,,,,,,,,,,,,,馬塞爾·圖亞尼,,,,,,,,,,,,,,,,,,politician
Q20089164,Nicole Sanquer,Nicole Sanquer,Nicole Sanquer,Nicole Sanquer,female,,,Nicole,Nicole Sanquer,,Nicole Sanquer,,,,,,,,,,,,,,,,,,,,,https://upload.wikimedia.org/wikipedia/commons/2/2f/Nicole_Sanquer.JPG,,,,,,,,,,,,,,,,,,,,,,,,,,,,,,,,,,,,,,,,,,,,,,,,,,,politician
Q20089174,René Temeharo,René Temeharo,René Temeharo,René Temeharo,male,,,René,René Temeharo,,,,,,,,,,,,,,,,,,,,,,,https://upload.wikimedia.org/wikipedia/commons/b/b3/René_Temeharo.JPG,,,,,,,,,,,,,,,,,,,,,,,,,,,,,,,,,,,,,,,,,,,,,,,,,,,politician
Q20089187,Tea Frogier,Tea Frogier,Tea Frogier,Tea Frogier,female,,,,Tea Frogier,,Tea Frogier,,,,,,,,,,,,,,,,,,,,,https://upload.wikimedia.org/wikipedia/commons/9/94/Tea_Frogier.JPG,,,,,,,,,,,,,,,,,,,,,,,,,,,,,,,,,,,,,,,,,,,,,,,,,,,politician
Q20731589,Heremoana Maamaatuaiahutapu,Heremoana Maamaatuaiahutapu,Heremoana Maamaatuaiahutapu,Heremoana Maamaatuaiahutapu,male,,,,Heremoana Maamaatuaiahutapu,,Heremoana Maamaatuaiahutapu,,,,,,,,,,,,,,,,,,,,,https://upload.wikimedia.org/wikipedia/commons/8/85/Heremoana_Maamaatuaiahutapu.jpg,,,,,,,,,,,,,,,,,,,,,,,,,,,,,,,,,,,,,,,,,,,,,,,,,,,politician
Q2109562,Gaston Tong Sang,Gaston Tong Sang,Gaston Tong Sang,Gaston Tong Sang,male,1949-08-07,,Gaston,Gaston Tong Sang,,Gaston Tong Sang,Gaston Tong Sang,Gaston Tong Sang,Gaston Tong Sang,Gaston Tong Sang,Gaston Tong Sang,Gaston Tong Sang,Γκαστόν Τονγκ Σανγκ,,Gaston Tong Sang,Gaston Tong Sang,Gaston Tong Sang,Gaston Tong Sang,,Gaston Tong Sang,,Γκαστόν Τονγκ Σανγκ,,Gaston Tong Sang,,,https://upload.wikimedia.org/wikipedia/commons/6/6b/Gaston_Tong_Sang_Marché_Papeete.JPG,,,,,Gaston Tong Sang,Gaston Tong Sang,Gaston Tong Sang,Gaston Tong Sang,Gaston Tong Sang,Gaston Tong Sang,Gaston Tong Sang,Gaston Tong Sang,Gaston Tong Sang,Gaston Tong Sang,/m/027bgnx,,,,,,,,,,,,,,,,,,伽斯頓·唐生,,,,,,,,,,,,,,,,,,politician
Q2662888,Alexandre Léontieff,Alexandre Léontieff,Alexandre Léontieff,Alexandre Léontieff,male,1948-10-20,2009-03-02,Alexandre,Alexandre Léontieff,,Alexandre Léontieff,Alexandre Léontieff,Alexandre Léontieff,Alexandre Léontieff,Alexandre Léontieff,Alexandre Léontieff,Alexandre Léontieff,,,Alexandre Léontieff,Alexandre Léontieff,Alexandre Léontieff,Alexandre Léontieff,,,,,,,,,,,7772,,,,Alexandre Léontieff,,,Alexandre Léontieff,,,,Alexandre Léontieff,,/m/05p43sz,Alexandre Léontieff,"Леонтьефф, Александр",,"Леонтьефф, Александр",,,,,,,,,,,,,,,,,,,,,,,,,,,,,亞歷山大·里昂惕夫,亚历山大·里昂惕夫,,politician
Q2747180,Gaston Flosse,Gaston Flosse,Gaston Flosse,Gaston Flosse,male,1931-06-24,,Gaston,Gaston Flosse,,Gaston Flosse,Gaston Flosse,Gaston Flosse,Gaston Flosse,Gaston Flosse,Gaston Flosse,Gaston Flosse,Γκαστόν Φλος,Gaston Flosse,Gaston Flosse,Gaston Flosse,Gaston Flosse,Gaston Flosse,Gaston Flosse,Gaston Flosse,,Γκαστόν Φλος,,Gaston Flosse,Gaston Flosse,Gaston Flosse,https://upload.wikimedia.org/wikipedia/commons/5/53/Gaston_Flosse.JPG,,3037,,,,Gaston Flosse,,Gaston Flosse,Gaston Flosse,,Gaston Flosse,,Gaston Flosse,,/m/036pbd,,"Флоссе, Глоссе",,"Флосс, Гастон",,,,Gaston Flosse,0000 0003 6103 6587,223438490,1038661943,nb2005007080,129029270,061635677,1686,senateur/flosse_gaston98052v,1614998,伽斯頓·復洛斯,,,,,Category:Gaston Flosse,,,,,,,,,,,,,politician
Q2857395,Antonio Perez,Antonio Perez,Antonio Perez,Antonio Perez,male,1967,,Antonio,Antonio Perez,Antonio Perez,,Antonio Perez,,,,,,,,,,,,,,,,,,,,,,,,,,,,,,,,,,,,,Антонио Перес,,,,,,,,,,,,,,,,,,,,,,,,,,,,,,,,,,politician
Q2857540,Antony Géros,Antony Géros,Antony Géros,Antony Géros,male,1956-07-22,,Antony,Antony Géros,,,Antony Géros,,,,,,,,,,,,,,,,,,,,,,,,,,,,,,,,,,,,,,,,,,,,,,,,,,,,,,,,,,,,,,,,,,,,,,,politician
Q2862180,Armelle Merceron,Armelle Merceron,Armelle Merceron,Armelle Merceron,female,1950-05-03,,Armelle,Armelle Merceron,Armelle Merceron,Armelle Merceron,Armelle Merceron,,,,,,,,,,,,,,,,,,,,,,,,,,,,,,,,,,,,,,,,,,,,,,,,,,,,,,,,,,,,,,,,,,,,,,,politician
Q2910995,Boris Léontieff,Boris Léontieff,Boris Léontieff,Boris Léontieff,male,,2002-05-23,Boris,Boris Léontieff,,,Boris Léontieff,,,,,,,,,,,,,,,,,,,,,,,,,,,,,,,,,,,,Boris Léontieff,,,,,,,,,,,,,,,,,,,,,,,,,,,,,,,,,,,politician
Q2926971,Bruno Sandras,Bruno Sandras,Bruno Sandras,Bruno Sandras,male,1961-08-04,,Bruno,Bruno Sandras,,Bruno Sandras,Bruno Sandras,,Bruno Sandras,Bruno Sandras,Bruno Sandras,,,,Bruno Sandras,Bruno Sandras,Bruno Sandras,Bruno Sandras,,,,,,,,,,,17377,,,,,,,,,,,,,,,,,,,,,,,,,,,,,,,,,,,,,,,,,,,,,,,,,politician
Q2929487,Béatrice Vernaudon-Coppenrath,Béatrice Vernaudon,Béatrice Vernaudon,Béatrice Vernaudon-Coppenrath,female,1953,,Béatrice,Béatrice Vernaudon,,Béatrice Vernaudon,Béatrice Vernaudon,,Béatrice Vernaudon,Béatrice Vernaudon,Béatrice Vernaudon,,,,Béatrice Vernaudon-Coppenrath,Béatrice Vernaudon-Coppenrath,Béatrice Vernaudon-Coppenrath,Béatrice Vernaudon-Coppenrath,,,,,,,,,,,10614,,,,,,,,,,,,,,,,,,,,,,,,,,,,,,,,,,,,,,,,,,,,,,,,,politician
Q3123602,Gérald Coppenrath,Gérald Coppenrath,Gérald Coppenrath,Gérald Coppenrath,male,1922-04-17,2008-11-04,Gérald,Gérald Coppenrath,,Gérald Coppenrath,Gérald Coppenrath,,Gérald Coppenrath,Gérald Coppenrath,Gérald Coppenrath,,,,Gérald Coppenrath,Gérald Coppenrath,Gérald Coppenrath,Gérald Coppenrath,,,,,,,,,,,,,,,,,,,,,,,,,Gérald Coppenrath,,,,,,,,0000 0000 7832 1972,6074147,131725653,,12274540t,077045467,,senateur/coppenrath_gerald57710g,,,,,,,,,,,,,,,,,,,,journalist
Q3125246,Haamoetini Lagarde,Haamoetini Lagarde,Haamoetini Lagarde,Haamoetini Lagarde,female,,,,Haamoetini Lagarde,Haamoetini Lagarde,,Haamoetini Lagarde,,,,,,,,Haamoetini Lagarde,Haamoetini Lagarde,Haamoetini Lagarde,Haamoetini Lagarde,,,,,,,,,https://upload.wikimedia.org/wikipedia/commons/4/4e/Mairefa4.jpg,Lagarde,,,,,,,,,,,,,,,,,,,,,,,,,,,,,,,,,,,,,,,,,,,,,,,,,,
Q3160384,Jacqui Drollet,Jacqui Drollet,Jacqui Drollet,Jacqui Drollet,male,1944-11-22,,Jacqui,Jacqui Drollet,,,Jacqui Drollet,Jacqui Drollet,,Jacqui Drollet,Jacqui Drollet,Jacqui Drollet,,Jacqui Drollet,Jacqui Drollet,,,,,,,,,,,Jacqui Drollet,https://upload.wikimedia.org/wikipedia/commons/6/6c/Le_président_de_l'assemblée_de_la_Polynésie.jpg,,,,,,,,,,,,,Jacqui Drollet,,,,,,,,,,,,305247587,,,16712909g,171660986,,,,,,,,,,,,,,,,,,,傑奎·杜洛特,杰奎·杜洛特,,
Q3164730,Jean-Christophe Bouissou,Jean-Christophe Bouissou,Jean-Christophe Bouissou,Jean-Christophe Bouissou,male,1960-10-28,,Jean-Christophe,Jean-Christophe Bouissou,,Jean-Christophe Bouissou,Jean-Christophe Bouissou,,Jean-Christophe Bouissou,,Jean-Christophe Bouissou,,,,Jean-Christophe Bouissou,Jean-Christophe Bouissou,Jean-Christophe Bouissou,Jean-Christophe Bouissou,,,,,,,,,https://upload.wikimedia.org/wikipedia/commons/3/35/Jean-Christophe_Bouissou.jpg,,,,,,,,,,,,,,,,,,,,ジャン＝クリストッフ・ブイスー,,,,,,,,,,,,,,,,,,,,,,,,,,,,,,,politician
Q3172869,Jean Juventin,Jean Juventin,Jean Juventin,Jean Juventin,male,1928-03-09,,Jean,Jean Juventin,,,Jean Juventin,,,,Jean Juventin,,,,Jean Juventin,Jean Juventin,Jean Juventin,Jean Juventin,,,,,,,,,,,4109,,,,Jean Juventin,,,Jean Juventin,,,,,,,,,,,,,,,,,,,,,,,,,,,,,,,,,,,,,,,,,,politician
Q3194720,Keitapu Maamaatuaiahutapu,Keitapu Maamaatuaiahutapu,Keitapu Maamaatuaiahutapu,Keitapu Maamaatuaiahutapu,male,,,,Keitapu Maamaatuaiahutapu,,,Keitapu Maamaatuaiahutapu,,,,,,,,,,,,,,,,,,,,,,,,,,,,,,,,,,,,,,,,,,,,,,,,,,,,,,,,,,,,,,,,,,,,,,,politician
Q3271158,Léon Lichtlé,Léon Lichtlé,Léon Lichtlé,Léon Lichtlé,male,1941-05-26,,Léon,Léon Lichtlé,,,Léon Lichtlé,,,,,,,,Léon Lichtlé,Léon Lichtlé,Léon Lichtlé,Léon Lichtlé,,,,,,,,,,,,,,,,,,,,,,,,,,,,,,,,,,,,,,,,,,,,,,,,,,,,,,,,,,,,politician
Q3289309,Marcel Pouvanaa Oopa,Marcel Oopa,Marcel Oopa,Marcel Pouvanaa Oopa,male,1917-04-21,1961-07-14,Marcel,Marcel Pouvanaa Oopa,,Marcel Oopa,Marcel Pouvanaa Oopa,,,Marcel Oopa,Marcel Oopa,,,,Marcel Pouvanaa Oopa,Marcel Pouvanaa Oopa,Marcel Pouvanaa Oopa,Marcel Pouvanaa Oopa,,,,,,,,,,,5607,,,,,,,,,,,Marcel Pouvanaa Oopa,,/m/07s7jrx,,,,,,,,,,,,,,,,,,,,,Marcel Oopa,,,,Marcel Oopa,,,,Marcel Oopa,Marcel Oopa,,,,,,politician
Q3341009,Nicole Bouteau,Nicole Bouteau,Nicole Bouteau,Nicole Bouteau,female,1969-01-20,,Nicole,Nicole Bouteau,Nicole Bouteau,Nicole Bouteau,Nicole Bouteau,,Nicole Bouteau,Nicole Bouteau,,,,,,,,,,,,,,,,,,,,,,,,,,,,,,,,,,,,,,,,,,,,,,,,,,,,,,,,,,,,,,,,,,,,politician
Q3367673,Pascale Haiti,Pascale Haiti,Pascale Haiti,Pascale Haiti,female,1972-04-03,,Pascale,Pascale Haiti,Pascale Haiti,,Pascale Haiti,,,,,,,,,,,,,,,,,,,,https://upload.wikimedia.org/wikipedia/commons/1/12/P.Haiti.JPG,,,,,,,,,,,,,,,,,,,,,,,,,,,,,,,,,,,,,,,,,,,,,,,,,,,
Q3369606,Patrick Leboucher,Patrick Leboucher,Patrick Leboucher,Patrick Leboucher,male,1950-06-07,,Patrick,Patrick Leboucher,,,Patrick Leboucher,,,,,,,,,,,,,,,,,,,,,,,,,,,,,,,,,,,,,,,,,,,,,,,,,,,,,,,,,,,,,,,,,,,,,,,
Q3379075,Philip Schyle,Philip Schyle,Philip Schyle,Philip Schyle,male,1962-09-15,,Philip,Philip Schyle,,Philip Schyle,Philip Schyle,Philip Schyle,Philip Schyle,Philip Schyle,Philip Schyle,Philip Schyle,,,,,,,,,,,,,,,,,,,,,,,,,,,,,,,,,,,,,,,,,,,,,,,,菲利普·思訥,,,,,,,,,,,,,,,,,,politician
Q3385093,Pierre Frébault,Pierre Frébault,Pierre Frébault,Pierre Frébault,male,1959-10-27,,Pierre,Pierre Frébault,,,,,,,,,,,,,,,,,,,,,,,,,,,,,,,,,,,,,,,,,,,,,,,,,,,,,,,,,,,,,,,,,,,,,,,,,,
Q3517190,Teina Maraeura,Teina Maraeura,Teina Maraeura,Teina Maraeura,female,1950-08-11,,,Teina Maraeura,Teina Maraeura,Teina Maraeura,,,,,,,,,,,,,,,,,,,,,,,,,,,,,,,,,,,,,,,,,,,,,,,,,,,,,,,,,,,,,,,,,,,,,,,,politician
Q3556404,Vetea Bambridge,Vetea Bambridge,Vetea Bambridge,Vetea Bambridge,male,1955-07-22,2005-01-29,,Vetea Bambridge,Vetea Bambridge,,,,,,,,,,Vetea Bambridge,Vetea Bambridge,Vetea Bambridge,Vetea Bambridge,,,,,,,,,,,,,,,,,,,,,,,,,Vetea Bambridge,,,,,,,,,,,,,,,,,,,,,,,,,,,,,,,,,,,politician
Q3565772,Walter Grand,Walter Grand,Walter Grand,Walter Grand,male,1917-06-29,1983-07-04,Walter,Walter Grand,,,,,,,,,,,Walter Grand,Walter Grand,Walter Grand,Walter Grand,,,,,,,,,,,,,,,,,,,,,,,,,,,,,,,,,,,,,,,,,,,,,,,,,,,,,,,,,,,,military personnel
Q3588780,Émile Vernaudon,Émile Vernaudon,Émile Vernaudon,Émile Vernaudon,male,1843-12-08,,Émile,Émile Vernaudon,,,,,,,,,,,Émile Vernaudon,Émile Vernaudon,Émile Vernaudon,Émile Vernaudon,,,,,,,,,https://upload.wikimedia.org/wikipedia/commons/a/a1/Emile_Vernaudon.jpg,,7417,,,,,,,,,,,,,,,,,,,,,,,,,,,,,,,,,,,,,,,,,,,,,,,,,politician
Q6120901,Jacques Teuira,Jacques Teuira,Jacques Teuira,Jacques Teuira,male,1933-12-14,,Jacques,Jacques Teuira,,Jacques Teuira,,,,Jacques Teuira,Jacques Teuira,,,,Jacky Teuira,,,,,,,,,,,,,,,,,,,,,,,,,Jacky Teuira,,,,,,,,Jacques Teuira,Jacques Teuira,,,,,,,,,,,賈姬·狄舞拉,,,,,,,,,,,,,,,,,,politician
Q936654,Oscar Temaru,Oscar Temaru,Oscar Temaru,Oscar Temaru,male,1944-11-01,,Oscar,Oscar Temaru,Oscar Temaru,Oscar Temaru,Oscar Temaru,Oscar Temaru,Oscar Temaru,Oscar Temaru,Oscar Temaru,Oscar Temaru,Όσκαρ Τεμαρού,Oscar Temaru,Oscar Temaru,Oscar Temaru,Oscar Temaru,Oscar Temaru,,Oscar Temaru,오스카르 테마루,Όσκαρ Τεμαρού,오스카르 테마루,Oscar Temaru,,Oscar Temaru,https://upload.wikimedia.org/wikipedia/commons/c/c2/Oscar_Temaru_2015.jpg,,,,,,Oscar Temaru,Oscar Temaru,Oscar Temaru,Oscar Temaru,Oscar Temaru,Oscar Temaru,Oscar Temaru,Oscar Temaru,,/m/036p99,,"Темару, Оскар",,"Темару, Оскар",,,,,0000 0000 9692 8452,143306967,,,140514185,079443265,,,1614997,奧斯卡·特馬魯,,Oscar Temaru,Oscar Temaru,Anscharius Manutahi Temaru,Category:Oscar Temaru,Oscar Temaru,Oscar Temaru,Oscar Temaru,Anscharius Manutahi Temaru,Oscar Temaru,,,,,,,,politician
